Unnamed: 0_level_0,Unnamed: 1_level_0,Unnamed: 2_level_0,Unnamed: 3_level_0,Unnamed: 4_level_0,Unnamed: 5_level_0,Unnamed: 6_level_0,Unnamed: 7_level_0,Unnamed: 8_level_0,Unnamed: 9_level_0,Unnamed: 10_level_0,Unnamed: 11_level_0,Offense,Offense,Offense,Offense,Offense,Defense,Defense,Defense,Defense,Defense,Unnamed: 22_level_0,Unnamed: 23_level_0,Unnamed: 24_level_0
#,Rk,Date,Type,Team,Conf.,Opp.,Venue,Result,Adj. O,Adj. D,T,EFF,eFG%,TO%,Reb%,FTR,EFF,eFG%,TO%,Reb%,FTR,G-Sc,+/-,Unnamed: 24_level_1
1,1,11/7/25,N,Illinois,B10,Florida Gulf Coast,H,"W, 113-70",147.6,95.4,74.9,150.8,63.8,9.3,39.3,52.3,93.4,37.3,1.3,24.5,15.2,99.3,27,
2,2,11/8/25,N,Vanderbilt,SEC,UCF,A,"W, 105-93",146.8,118.4,74.2,141.5,66.2,8.1,30,25,125.4,61.2,16.2,28.6,48.3,92.2,-,
3,3,11/3/25,N,Michigan,B10,Oakland,H,"W, 121-78",146.2,102.8,77.7,155.8,77.9,10.3,26.1,18.6,100.5,50.8,14.2,12.8,23.4,98.3,22,
4,4,11/4/25,N,Iowa,B10,Robert Morris,H,"W, 101-69",141.5,104.9,68.7,147.1,69.1,16,45.5,93.6,100.5,59.4,33.5,44.8,45.8,96.9,18,
5,5,11/3/25,N,N.C. State,ACC,North Carolina Centr,H,"W, 114-66",139.8,104.9,72.8,156.6,72.7,12.4,45.2,46.9,90.7,49,24.7,21.2,58.3,96.4,21,
6,6,11/3/25,N,Illinois,B10,Jackson St.,H,"W, 113-55",139,79.5,75.5,149.6,66.4,15.9,58.3,32.9,72.8,36.3,14.6,9.1,22.6,99.8,28,
7,7,11/7/25,N,Liberty,CUSA,Charleston,H,"W, 90-75",138.7,119.2,62.6,143.8,66.1,8,32.3,28.8,119.9,58.2,19.2,36.4,30.9,85.1,8,
8,8,11/3/25,N,Vanderbilt,SEC,Lipscomb,H,"W, 105-61",136,89.3,74.8,140.4,68.4,8,24.2,25,81.6,35.7,24.1,23.7,39.3,99.2,24,
9,9,11/8/25,N,Alabama,SEC,St. John's,A,"W, 103-96",135.8,99.4,84.2,122.3,54.9,8.3,30.4,27.2,114,54,14.2,25.6,63.5,97.3,4,
10,10,11/8/25,N,Boise St.,MWC,Utah Valley,H,"W, 101-77",135.5,106.2,74.8,135.1,62.7,12,36.7,57.6,103,52.7,21.4,22.2,43.6,94.3,-,
11,11,11/3/25,N,Colorado St.,MWC,Incarnate Word,H,"W, 98-64",134.9,101.8,65.6,149.4,74,15.2,38.1,62.5,97.5,44.1,7.6,16.7,35.6,96.2,13,
12,12,11/7/25,N,Kentucky,SEC,Valparaiso,H,"W, 107-59",134.4,86.8,74.9,142.8,62.5,8,33.3,38.2,78.7,34.3,13.3,23.5,29.9,99.4,26,
13,13,11/7/25,N,Connecticut,BE,UMass Lowell,H,"W, 110-47",134.1,70.4,74.8,147,67.4,13.4,51.7,31.9,62.8,25.5,28.1,20.5,68.1,99.9,36,
14,14,11/3/25,N,Arkansas,SEC,Southern,H,"W, 109-77",133,100.1,81.1,134.4,57.5,11.1,35.9,39.7,95,47.8,14.8,27.9,34.8,96.3,17,
15,15,11/8/25,N,UCF,B12,Vanderbilt,H,"L, 105-93",132.9,123.7,74.2,125.4,61.2,16.2,28.6,48.3,141.5,66.2,8.1,30,25,69.5,-,
16,16,11/8/25,N,UC Santa Barbara,BW,San Jose St.,H,"W, 85-74",132.5,118.8,62.5,136,68.3,17.6,41.7,36.5,118.4,57,22.4,44,42,77.8,9,
17,17,11/7/25,N,North Carolina,ACC,Kansas,H,"W, 87-74",131.9,100.7,70.6,123.2,57.6,15.6,44.4,25.8,104.8,55.2,19.8,23.3,25.9,95.7,2,
18,18,11/6/25,N,Auburn,SEC,Merrimack,H,"W, 95-57",131.9,98.5,67.5,140.8,54.8,11.9,60,59.7,84.5,35.7,16.3,22.7,42.9,96.6,14,
19,19,11/7/25,N,Kent St.,MAC,Cornell,H,"W, 110-102",131.8,124.9,79.1,139.1,67.7,13.9,37.9,50.8,129,67.5,21.5,39.4,34.9,64.9,8,
20,20,11/8/25,N,Texas,SEC,Lafayette,H,"W, 97-60",130.2,98.5,68.9,140.7,59.5,13.1,51.6,46,87.1,44.5,21.8,27,30.9,96.1,15,
21,21,11/5/25,N,LSU,SEC,Tarleton St.,H,"W, 96-60",130.1,99.4,68.2,140.8,78.7,22,43.8,61.7,88,37.9,13.2,27.3,29,95.7,14,
22,22,11/7/25,N,Texas Tech,B12,Sam Houston St.,H,"W, 98-77",129.8,119.2,70.5,139.1,60.3,15.6,50,74.1,109.3,48.5,19.9,45,30.8,72.6,6,
23,23,11/6/25,N,Louisville,ACC,Jackson St.,H,"W, 106-70",129.3,95.9,77.1,137.5,59.7,13,40.5,52.2,90.8,48.4,15.6,17.1,25.4,96.9,18,
24,24,11/4/25,N,Florida St.,ACC,Alcorn St.,H,"W, 108-76",129.1,112.2,75.8,142.4,65,10.5,36.8,35.7,100.2,58.8,27.7,29,52.9,83.4,14,
25,25,11/7/25,N,Youngstown St.,Horz,Grand Canyon,A,"W, 90-81",129.1,107.4,72.3,124.4,58.9,12.4,25.8,53.6,112,50,18,44.4,33.3,89.2,3,
26,26,11/8/25,N,Eastern Washington,BSky,Colorado,A,"L, 102-97",129,122.4,70,123.1,66.9,15.2,21.4,30.6,129.5,59.5,12.7,31.4,61.9,64.7,-,
27,27,11/7/25,N,Cornell,Ivy,Kent St.,A,"L, 110-102",128.8,135.9,79.1,129,67.5,21.5,39.4,34.9,139.1,67.7,13.9,37.9,50.8,34.9,-8,
28,28,11/3/25,N,High Point,BSth,Furman,N,"W, 97-71",128.7,98.9,73.1,132.7,64.5,8.2,25.7,21.7,97.2,50,30.1,44.1,33.3,95.4,13,
29,29,11/5/25,N,Indiana,B10,Alabama A&M,H,"W, 98-51",128.4,79.1,70.3,139.4,70.7,15.6,27.3,27.6,72.5,38.7,15.6,7.7,35.8,99.6,25,
30,30,11/3/25,N,Kansas,B12,Green Bay,H,"W, 94-51",128.4,89.6,64.5,145.8,65.5,4.7,32.1,41.4,79.1,35.7,12.4,16.7,32.1,98.4,18,
31,31,11/8/25,N,Akron,MAC,Princeton,H,"W, 104-69",127.8,96.8,77.2,134.7,61.3,9.1,30.6,29.6,89.3,43.1,19.4,25.5,30.8,96,15,
32,32,11/7/25,N,Clemson,ACC,Gardner Webb,H,"W, 97-59",127.6,99,69.9,138.7,54.5,4.3,46.3,26,84.4,44.7,22.9,17.6,55.3,94.9,18,
33,33,11/7/25,N,Charleston,CAA,Liberty,A,"L, 90-75",127.4,132.5,62.6,119.9,58.2,19.2,36.4,30.9,143.8,66.1,8,32.3,28.8,38.9,-8,
34,34,11/3/25,N,Ohio St.,B10,IU Indy,H,"W, 118-102",127.2,130,85.8,137.5,70.4,19.8,45.8,98.1,118.8,57.9,15.1,28.6,26.3,43.6,12,
35,35,11/6/25,N,Miami FL,ACC,Bethune Cookman,H,"W, 101-61",127,92.2,72.2,139.8,65.2,8.3,33.3,33.3,84.4,36.4,16.6,30.6,28.8,97.6,14,
36,36,11/3/25,N,Central Michigan,MAC,Appalachian St.,H,"W, 82-66",126.7,110.3,64.9,126.3,58.6,18.5,44.8,29.3,101.7,44.1,13.9,36.2,49.2,83.2,12,
37,37,11/4/25,N,Purdue,B10,Evansville,H,"W, 82-51",126.7,91.7,61.8,132.8,58.5,11.3,37.5,27.1,82.6,35,16.2,41.7,5.7,97.6,13,
38,38,11/3/25,N,IU Indy,Horz,Ohio St.,A,"L, 118-102",126.6,119.1,85.8,118.8,57.9,15.1,28.6,26.3,137.5,70.4,19.8,45.8,98.1,67,-12,
39,39,11/7/25,N,Winthrop,BSth,George Mason,A,"L, 96-90",126.6,119.7,76.6,117.5,48.5,7.8,24.4,43.3,125.3,55.1,18.3,44.4,72.9,65.5,0,
40,40,11/3/25,N,Cleveland St.,Horz,Loyola Chicago,A,"L, 91-88",126.2,122.6,71.9,122.4,52.3,19.5,50,35.9,126.6,54.5,9.7,29.3,37.9,58.3,-2,
41,41,11/3/25,N,St. John's,BE,Quinnipiac,H,"W, 108-74",126.1,95.4,83.6,129.2,62.3,16.7,43.2,49.3,88.5,45.5,26.3,32.6,28.4,96.1,17,
42,42,11/3/25,N,Arizona,B12,Florida,N,"W, 93-87",125.9,96,81.7,113.9,50.8,17.1,35.3,62.3,106.6,47.9,18.4,37,42.9,95.7,1,
43,43,11/3/25,N,VCU,A10,Wagner,H,"W, 103-74",125.6,112.9,76.1,135.4,60.3,13.1,41,45.6,97.3,45.2,19.7,33.3,38.1,77.3,8,
44,44,11/7/25,N,Ohio St.,B10,Purdue Fort Wayne,H,"W, 94-68",125.4,99.3,72.6,129.4,82.4,26.2,28.6,25.5,93.6,48.3,17.9,19.4,28.8,93.5,13,
45,45,11/8/25,N,St. Bonaventure,A10,Canisius,H,"W, 89-70",125.3,122.6,63.8,139.5,55.1,12.5,57.1,26.5,109.7,56.9,17.2,24.1,33.3,56.4,9,
46,46,11/8/25,N,Tennessee,SEC,Northern Kentucky,H,"W, 95-56",124.9,93.6,69.6,136.5,61.5,17.2,51.6,29.2,80.5,44,21.6,24.4,22.4,96.5,15,
47,47,11/7/25,N,Tulsa,Amer,Rhode Island,N,"W, 82-65",124.5,101.8,65.2,125.7,62,21.5,44.8,44.4,99.7,52.1,24.5,32.1,39.6,91,8,
48,48,11/5/25,N,Marquette,BE,Southern,H,"W, 100-82",124.4,109.6,78.7,126.4,60,11.4,26.3,28.6,103.6,47.7,16.4,27.5,45.3,81.1,8,
49,49,11/3/25,N,Troy,SB,Kent St.,A,"W, 103-97",124.4,106.6,76.2,120.2,61.9,14,20.7,52.4,113.2,45.6,16.3,44,41.8,85.6,9,
50,50,11/7/25,N,N.C. State,ACC,UAB,H,"W, 94-70",124.4,98.6,74.5,126.1,62.3,18.8,37.9,36.1,93.9,43.7,18.8,38.6,19.7,93.5,8,
51,51,11/8/25,N,Minnesota,B10,Alcorn St.,H,"W, 95-50",124.2,79.9,69.8,136,52.5,17.2,57.6,61.7,71.6,36.6,22.9,24.4,26.8,99.4,24,
52,52,11/3/25,N,Bethune Cookman,SWAC,Auburn,A,"L, 95-90",124.1,105.7,70.8,113,58.6,16.3,23.5,12.9,119.3,50,13.8,39.5,55.9,86.4,-1,
53,53,11/7/25,N,Southern Illinois,MVC,UMKC,H,"W, 101-78",123.9,117.2,76.1,132.7,69.7,15.8,33.3,42.6,102.4,46.4,15.8,34,33.3,65.5,8,
54,54,11/3/25,N,Charlotte,Amer,Indiana St.,H,"W, 92-76",123.7,113.4,69.1,133.1,55.4,11.6,52.9,46.2,110,53.5,14.5,22.9,36.8,73,8,
55,55,11/8/25,N,Virginia Tech,ACC,Providence,N,"W, 107-101",123.6,104.7,79.3,120,58.2,12.3,27.9,27.8,113.3,52,15.7,28.6,32.9,87.1,-,
56,56,11/7/25,N,Saint Mary's,WCC,Chattanooga,H,"W, 87-66",123.5,100.3,67.4,129.1,66.7,20.8,28.6,64.4,97.9,49,19.3,19.4,36.5,91.6,11,
57,57,11/7/25,N,Sam Houston St.,CUSA,Texas Tech,A,"L, 98-77",123.5,119.2,70.5,109.3,48.5,19.9,45,30.8,139.1,60.3,15.6,50,74.1,59.9,-6,
58,58,11/7/25,N,Virginia,ACC,North Carolina Centr,H,"W, 81-62",123.4,103.1,62.7,129.1,57.4,19.1,52.6,31.1,98.8,36.7,14.3,36.4,36.7,88.8,18,
59,59,11/3/25,N,Tulane,Amer,Samford,H,"W, 85-72",123.3,114.8,65.1,130.5,68.9,12.3,8.7,24.5,110.6,50.8,16.9,36.6,27.9,69.5,5,
60,60,11/6/25,N,Texas A&M,SEC,Texas Southern,H,"W, 104-70",123.2,104.1,77.2,134.7,63.9,10.4,22.6,60.7,90.6,56.1,29.8,30,51,87.5,6,
61,61,11/3/25,N,Loyola Chicago,A10,Cleveland St.,H,"W, 91-88",123.1,128.6,71.9,126.6,54.5,9.7,29.3,37.9,122.4,52.3,19.5,50,35.9,37.7,2,
62,62,11/8/25,N,St. John's,BE,Alabama,H,"L, 103-96",123,109.9,84.2,114,54,14.2,25.6,63.5,122.3,54.9,8.3,30.4,27.2,78.6,-4,
63,63,11/7/25,N,Wisconsin,B10,Northern Illinois,H,"W, 97-72",123,99.7,73.7,131.7,56.6,12.2,41.7,60.7,97.8,54.3,23.1,16,66,91.8,18,
64,64,11/3/25,N,Texas A&M,SEC,Northwestern St.,H,"W, 98-68",123,95.9,75.5,129.9,57,15.9,43.6,32.4,90.1,45.7,21.2,27,36.2,94.6,16,
65,65,11/3/25,N,SMU,ACC,Tarleton St.,H,"W, 96-76",122.9,115.4,72.8,131.9,63,15.1,28.6,84,104.4,46.1,20.6,30.3,68.6,67.4,6,
66,66,11/3/25,N,Wisconsin,B10,Campbell,H,"W, 96-64",122.8,99.9,71,135.1,59,12.7,38.2,28.4,90.1,49,26.7,30,32.7,91.5,6,
67,67,11/7/25,N,Oakland,Horz,Purdue,A,"L, 87-77",122.8,104,69.9,110.1,50,12.9,31.6,17.6,124.4,56.6,7.2,28.9,22.1,87.2,-3,
68,68,11/8/25,N,Penn St.,B10,New Haven,A,"W, 87-43",122.8,88.9,62.2,139.9,61.5,9.6,40,26.2,69.1,42.2,30.5,20,17.8,97.6,12,
69,69,11/8/25,N,Colorado,B12,Eastern Washington,H,"W, 102-97",122.5,123.4,70,129.5,59.5,12.7,31.4,61.9,123.1,66.9,15.2,21.4,30.6,47.8,-,
70,70,11/3/25,N,Northern Illinois,MAC,Louisiana Monroe,H,"W, 102-82",122.5,126,74.9,136.2,63.8,24,61.3,40,109.5,58.9,17.4,19.4,39.3,42.2,7,
71,71,11/3/25,N,Dayton,A10,Canisius,H,"W, 88-48",122.4,88.2,63.4,138.9,58.8,6.3,35.5,80.4,75.8,43,30,33.3,22,97.7,18,
72,72,11/7/25,N,Davidson,A10,Washington St.,H,"W, 85-69",122.4,97.7,70,121.5,69.4,21.4,18.2,42.9,98.6,45.5,22.9,33.3,41.8,93,15,
73,73,11/3/25,N,Louisville,ACC,South Carolina St.,H,"W, 104-45",122.1,63.2,81.6,127.5,62.9,20.8,36.4,53.2,55.2,24.6,30.7,25.5,38.6,99.9,33,
74,74,11/6/25,N,North Texas,Amer,Northwestern St.,H,"W, 80-53",122,102.1,59.1,135.3,66,18.6,46.2,44,89.6,41.2,27.1,33.3,67.5,88.6,6,
75,75,11/7/25,N,Yale,Ivy,Navy,A,"W, 97-68",122,94.6,75.6,128.3,59.1,13.2,34.3,34.8,89.9,47,25.1,19.4,56,94.9,9,
76,76,11/7/25,N,Notre Dame,ACC,Detroit Mercy,H,"W, 102-70",121.6,103.3,76.1,134,62.3,9.2,30.6,31.9,92,48.5,17.1,19.5,14.9,86.7,12,
77,77,11/8/25,N,Elon,CAA,UNC Greensboro,A,"W, 92-90",121.6,125.8,66.3,123.4,47.3,5.4,40.4,40,120.7,58.7,14.8,30.8,42.9,40.4,-,
78,78,11/3/25,N,Saint Mary's,WCC,St. Thomas,H,"W, 84-58",121.6,93.7,64.9,129.5,60.5,17,36.7,33.3,89.4,51.9,15.4,11.8,18.9,95.2,8,
79,79,11/3/25,N,Idaho,BSky,Washington St.,A,"W, 83-81",121.2,108.6,71.6,115.9,59.5,15.4,21.2,32.8,113.1,49.1,7,17.6,59.6,77.9,9,
80,80,11/7/25,N,Kansas,B12,North Carolina,A,"L, 87-74",121.2,105.8,70.6,104.8,55.2,19.8,23.3,25.9,123.2,57.6,15.6,44.4,25.8,82.7,-2,
81,81,11/3/25,N,Notre Dame,ACC,LIU,H,"W, 89-67",121.2,97.5,71,125.4,61.8,26.8,50,54.5,94.4,43.6,21.1,33.3,56.4,92.4,14,
82,82,11/3/25,N,Virginia,ACC,Rider,H,"W, 87-53",121.2,96.7,64,136,53.1,9.4,53.7,53.1,82.9,35.7,21.9,32.5,59.2,93.1,11,
83,83,11/6/25,N,Iowa St.,B12,Grambling St.,H,"W, 102-62",121.1,96.3,74.8,136.3,63.6,16,44.4,43.9,82.8,46.9,25.4,15.6,46.9,93.3,11,
84,84,11/7/25,N,Arizona,B12,Utah Tech,H,"W, 93-67",121.1,103.6,71.2,130.7,62.7,16.9,40.6,31.7,94.2,43.6,19.7,28.9,49.1,85.8,10,
85,85,11/7/25,N,Stephen F. Austin,Slnd,Arkansas St.,H,"W, 90-65",120.9,89.5,73.8,121.9,57.1,19,48.7,27.1,88,36.1,19,25,61.1,96.9,15,
86,86,11/7/25,N,Northwestern,B10,Boston University,H,"W, 76-52",120.9,89.3,60.2,126.1,57.5,8.3,33.3,21.7,86.3,40.5,23.2,37.5,12.1,97,16,
87,87,11/4/25,N,Nevada,MWC,Louisiana Tech,H,"W, 77-50",120.9,86.1,62.7,122.8,50,16,48.6,50,79.8,39,20.7,22.2,34,98,13,
88,88,11/3/25,N,Siena,MAAC,Bryant,H,"W, 82-66",120.8,107.1,66.6,123.1,50,10.5,47.4,29.9,99.1,51.8,30,43.8,21.4,80,10,
89,89,11/3/25,N,Mississippi,SEC,Southeastern Louisia,H,"W, 88-58",120.7,99.9,66.6,132.2,58.3,15,44.4,55.6,87.1,40.6,19.5,25.6,47.2,89.7,8,
90,90,11/7/25,N,George Mason,A10,Winthrop,H,"W, 96-90",120.7,123.2,76.6,125.3,55.1,18.3,44.4,72.9,117.5,48.5,7.8,24.4,43.3,44.1,0,
91,91,11/7/25,N,Santa Clara,WCC,McNeese St.,H,"W, 79-67",120.3,102.7,67.4,117.2,48.5,22.3,56.8,37.9,99.4,49,20.8,29,45.1,86.1,5,
92,92,11/3/25,N,Montana St.,BSky,Colorado,A,"L, 84-78",120.2,114.2,68.8,113.4,58,16,21.4,30.4,122.1,54.8,13.1,35.5,75,64.3,-1,
93,93,11/8/25,N,Nebraska,B10,FIU,H,"W, 96-66",120,89.3,76.8,125,67.9,19.5,28.1,11.9,85.9,43.7,26,38.6,8.5,96.8,17,
94,94,11/8/25,N,George Washington,A10,South Florida,N,"W, 99-95",119.9,104.2,85,116.4,62.7,24.7,34.4,74.5,111.7,47.2,14.1,36.4,51.4,83.3,1,
95,95,11/3/25,N,Radford,BSth,Western Illinois,H,"W, 80-75",119.7,130.1,62.1,128.8,58.8,11.3,43.3,60.8,120.7,52.5,17.7,46.9,33.9,27.9,5,
96,96,11/3/25,N,Grand Canyon,MWC,Purdue Fort Wayne,H,"W, 90-71",119.2,96.8,75.1,119.8,65.8,20,25,35.1,94.5,48.4,17.3,15.8,15.6,91.6,15,
97,97,11/3/25,N,Florida,SEC,Arizona,N,"L, 93-87",119.1,99.7,81.7,106.6,47.9,18.4,37,42.9,113.9,50.8,17.1,35.3,62.3,88.6,-1,
98,98,11/3/25,N,Gonzaga,WCC,Texas Southern,H,"W, 98-43",119,76.2,72.5,135.1,58.7,17.9,55.9,30.4,59.3,28,23.4,24.5,28.8,99.4,12,
99,99,11/6/25,N,TCU,B12,Saint Francis,H,"W, 104-63",118.7,94.4,77.6,134.1,61.5,19.3,46.9,43.1,81.2,46,20.6,13.2,9.5,93.3,17,
100,100,11/7/25,N,Florida St.,ACC,Alabama St.,H,"W, 101-64",118.4,89.9,78.3,128.9,59.5,19.1,43.6,18.9,81.7,40.8,21.7,28.9,29.2,96,16,
101,101,11/3/25,N,Western Illinois,OVC,Radford,A,"L, 80-75",118.3,123.4,62.1,120.7,52.5,17.7,46.9,33.9,128.8,58.8,11.3,43.3,60.8,38.1,-5,
102,102,11/3/25,N,Minnesota,B10,Gardner Webb,H,"W, 87-60",118.2,88.7,72,120.8,60.9,19.4,37.5,54.5,83.3,38.6,19.4,25,47.4,96.5,24,
103,103,11/4/25,N,Duke,ACC,Texas,N,"W, 75-60",118.1,85.4,66.6,112.6,51,15,32.4,57.7,90.1,36.4,24,40.9,39,97.6,4,
104,104,11/3/25,N,Seton Hall,BE,Saint Peter's,H,"W, 77-50",118.1,93.2,60.3,127.7,52.2,13.3,39.3,80,83,33.3,24.9,38.5,43.1,93.8,11,
105,105,11/7/25,N,Southeast Missouri S,OVC,Missouri,A,"L, 89-84",118,100.8,77.3,108.6,53.2,20.7,38.2,33.3,115.1,64.8,24.6,31,57.4,86,-2,
106,106,11/4/25,N,Texas Tech,B12,Lindenwood,H,"W, 98-60",117.9,88.8,76.6,127.9,50.6,9.1,41.8,28,78.3,35.2,18.3,23.4,42.6,96.3,14,
107,107,11/7/25,N,Utah St.,MWC,VCU,N,"W, 80-77",117.8,92.6,76.3,104.8,53.4,23.6,38.9,44.8,100.9,50.8,24.9,37.8,46.7,94.1,8,
108,108,11/7/25,N,Buffalo,MAC,Green Bay,H,"W, 83-76",117.7,125.7,64.2,129.2,59.6,10.9,28.1,87.2,118.3,62.8,17.1,15.4,44.7,31.9,3,
109,109,11/3/25,N,Oklahoma,SEC,Saint Francis,H,"W, 102-66",117.7,107.9,74.2,137.6,63.6,14.8,40,25.7,89,44.7,18.9,30,15.2,73.1,6,
110,110,11/3/25,N,South Alabama,SB,Toledo,A,"W, 76-74",117.7,109,63.7,119.3,61.2,15.7,35.5,22.4,116.1,60.9,17.3,19.4,16.4,70.9,9,
111,111,11/8/25,N,Providence,BE,Virginia Tech,N,"L, 107-101",117.6,111.6,79.3,113.3,52,15.7,28.6,32.9,120,58.2,12.3,27.9,27.8,64.6,-,
112,112,11/5/25,N,Creighton,BE,South Dakota,H,"W, 92-76",117.6,107.8,72.9,126.1,55.4,17.8,54.3,14.9,104.2,45.3,17.8,45.7,18.9,73.2,11,
113,113,11/8/25,N,South Florida,Amer,George Washington,N,"L, 99-95",117.4,107.2,85,111.7,47.2,14.1,36.4,51.4,116.4,62.7,24.7,34.4,74.5,74.2,-1,
114,114,11/3/25,N,Buffalo,MAC,Southern Miss,H,"W, 85-79",117.4,130.4,65.8,129.2,56.6,12.2,37.1,67.9,120.1,60,21.3,29.2,40,23.1,-3,
115,115,11/3/25,N,Missouri,SEC,Howard,A,"W, 88-67",117.3,98.7,71.8,122.6,63.9,22.3,47.1,34.4,93.3,45.2,18.1,24.4,25.8,88,13,
116,116,11/8/25,N,San Jose St.,MWC,UC Santa Barbara,A,"L, 85-74",117.2,128.1,62.5,118.4,57,22.4,44,42,136,68.3,17.6,41.7,36.5,26.5,-9,
117,117,11/3/25,N,New Orleans,Slnd,TCU,A,"W, 78-74",117,87.3,75.2,103.7,55.3,25.3,42.9,33.3,98.4,41,13.3,30.8,38.8,96.6,12,
118,118,11/3/25,N,Baylor,B12,UT Rio Grande Valley,H,"W, 96-81",116.9,110.4,77.7,123.5,57.7,14.2,33.3,49.2,104.2,58.2,15.4,6.2,18,65.9,5,
119,119,11/3/25,N,Colorado,B12,Montana St.,H,"W, 84-78",116.8,119.6,68.8,122.1,54.8,13.1,35.5,75,113.4,58,16,21.4,30.4,43.1,1,
120,120,11/7/25,N,Purdue,B10,Oakland,H,"W, 87-77",116.8,111.8,69.9,124.4,56.6,7.2,28.9,22.1,110.1,50,12.9,31.6,17.6,62.2,3,
121,121,11/3/25,N,Arkansas St.,SB,Ohio,A,"W, 89-85",116.6,111.1,75.4,118.1,57.1,23.9,41.9,50,112.8,55.6,13.3,20,34.9,63.6,-2,
122,122,11/7/25,N,Duquesne,A10,Sacred Heart,H,"W, 92-80",116.6,109.3,74.2,124,50,9.4,37.8,59.1,107.8,43.8,14.8,34.9,82.1,67.7,6,
123,123,11/6/25,N,Florida,SEC,North Florida,H,"W, 104-64",116.2,93.7,79.9,130.2,53.1,17.5,63,34.6,80.1,36.9,20,16.7,36.1,92.2,17,
124,124,11/3/25,N,Oakland,Horz,Michigan,A,"L, 121-78",116.1,131.1,77.7,100.5,50.8,14.2,12.8,23.4,155.8,77.9,10.3,26.1,18.6,19.7,-22,
125,125,11/5/25,N,Southern,SWAC,Marquette,A,"L, 100-82",115.9,116.5,78.7,103.6,47.7,16.4,27.5,45.3,126.4,60,11.4,26.3,28.6,48.7,-8,
126,126,11/7/25,N,Murray St.,MVC,Mississippi Valley S,H,"W, 108-60",115.8,104.7,77.4,139.5,57.6,6.5,41.3,31.6,77.5,35,29.7,35.7,35,76.1,14,
127,127,11/3/25,N,Southern Miss,SB,Buffalo,A,"L, 85-79",115.8,132.7,65.8,120.1,60,21.3,29.2,40,129.2,56.6,12.2,37.1,67.9,17.3,3,
128,128,11/8/25,N,Canisius,MAAC,St. Bonaventure,A,"L, 89-70",115.5,135.3,63.8,109.7,56.9,17.2,24.1,33.3,139.5,55.1,12.5,57.1,26.5,13.9,-9,
129,129,11/3/25,N,Tarleton St.,WAC,SMU,A,"L, 96-76",115.5,117.9,72.8,104.4,46.1,20.6,30.3,68.6,131.9,63,15.1,28.6,84,44.1,-6,
130,130,11/3/25,N,Saint Joseph's,A10,Lafayette,H,"W, 85-76",115.4,115.1,70.7,120.2,50,9.9,40,33.3,107.5,50,12.7,30.8,35.9,50.7,6,
131,131,11/3/25,N,Virginia Tech,ACC,Charleston Southern,H,"W, 98-67",115.3,100,78,125.7,52,9,40.9,35.5,85.9,40.1,19.2,29.4,21.1,83.7,8,
132,132,11/3/25,N,DePaul,BE,Chicago St.,H,"W, 92-62",115.3,90.4,72.8,126.4,56.7,17.9,41,58.3,85.2,41.1,22,28.9,41.1,94.2,17,
133,133,11/5/25,N,Temple,Amer,Delaware St.,H,"W, 83-65",115.2,109.9,66.3,125.2,61.4,9,29,38.6,98,50.9,24.1,27.6,24.1,63.3,8,
134,134,11/7/25,N,UCLA,B10,Pepperdine,H,"W, 74-63",115.2,105.6,62.8,117.9,52.9,15.9,40.6,50,100.4,41,19.1,41.7,21.3,72.9,9,
135,135,11/3/25,N,Cal Baptist,WAC,USC Upstate,H,"W, 87-75",115.2,114.5,70.9,122.8,58.6,9.9,37.1,32.8,105.8,50.9,19.8,24.2,53.7,51.8,8,
136,136,11/6/25,N,Northern Iowa,MVC,Cal St. Northridge,H,"W, 86-57",115.1,84.9,71.8,119.7,61.9,13.9,18.2,15.9,79.3,38.5,27.8,28.9,44.2,97.1,13,
137,137,11/8/25,N,Wofford,SC,Milwaukee,H,"W, 86-76",115.1,101.2,74.1,116,48.4,17.5,38.9,47.6,102.5,48.4,9.4,17.9,30.2,81.5,12,
138,138,11/3/25,N,UT Rio Grande Valley,Slnd,Baylor,A,"L, 96-81",115.1,109,77.7,104.2,58.2,15.4,6.2,18,123.5,57.7,14.2,33.3,49.2,65.3,-5,
139,139,11/8/25,N,Saint Peter's,MAAC,Fairleigh Dickinson,H,"W, 93-83",115,125,74.2,125.4,58.1,14.8,32.4,43.5,111.9,63.2,24.3,33.3,35.1,27.7,7,
140,140,11/6/25,N,Robert Morris,Horz,Drake,A,"W, 81-79",114.8,106.1,66.2,108.7,53.7,22.8,38.9,11.8,106,41.5,10.7,30.4,49.2,71.2,3,
141,141,11/8/25,N,UMBC,AE,Dayton,A,"L, 77-71",114.8,110.8,66.1,107.5,54.3,22.7,34.4,17.2,116.5,56.9,13.6,23.1,47.1,59.9,-4,
142,142,11/7/25,N,Georgetown,BE,Maryland,A,"W, 70-60",114.6,79.3,69.2,101.2,44.3,15.9,28.2,58.5,86.8,28.8,18.8,28.6,71.2,98.6,10,
143,143,11/8/25,N,Stanford,ACC,Montana,H,"W, 91-68",114.6,96.5,74.6,122,51.9,6.7,34,19,91.2,51,26.8,17.9,33.3,87.8,9,
144,144,11/3/25,N,Navy,Pat,Presbyterian,A,"W, 76-55",114.6,87.8,64.4,118,54.5,12.4,32.3,43.6,85.4,41.8,23.3,29.4,44.9,95.5,12,
145,145,11/3/25,N,Utah,B12,San Jose St.,H,"W, 84-75",114.5,109.1,70.3,119.5,58.1,15.7,36.1,30.6,106.7,50.8,15.7,32.5,27.7,63.4,4,
146,146,11/8/25,N,Duke,ACC,Western Carolina,H,"W, 95-54",114.5,80.2,76.5,124.3,54.7,13.1,32.5,51.6,70.6,33.3,18.3,28.3,15.3,98.4,19,
147,147,11/8/25,N,UNC Greensboro,SC,Elon,H,"L, 92-90",114.4,129.1,66.3,120.7,58.7,14.8,30.8,42.9,123.4,47.3,5.4,40.4,40,20.1,-,
148,148,11/3/25,N,Saint Louis,A10,Southeast Missouri S,H,"W, 92-67",114.3,93.8,77.2,119.2,56,19.4,38.9,31.3,86.8,39.5,11.7,14.9,41.9,90.6,8,
149,149,11/3/25,N,Ohio,MAC,Arkansas St.,H,"L, 89-85",114,118,75.4,112.8,55.6,13.3,20,34.9,118.1,57.1,23.9,41.9,50,40.2,2,
150,150,11/3/25,N,Georgia,SEC,Bellarmine,H,"W, 104-59",114,88.8,76.4,136.1,60.7,7.9,28.1,30,77.2,47.4,28.8,17.1,10.5,94.7,13,
151,151,11/3/25,N,Lafayette,Pat,Saint Joseph's,A,"L, 85-76",114,118,70.7,107.5,50,12.7,30.8,35.9,120.2,50,9.9,40,33.3,40.1,-6,
152,152,11/3/25,N,Alabama,SEC,North Dakota,H,"W, 91-62",113.9,94.4,74,123.1,60.3,20.3,36.7,46.6,83.8,42.7,13.5,16.7,27.4,89.7,15,
153,153,11/3/25,N,Eastern Washington,BSky,UCLA,A,"L, 80-74",113.8,101.3,70.7,104.7,60.2,22.6,20.7,25.9,113.2,52.9,11.3,33.3,14.3,79.3,-7,
154,154,11/7/25,N,Iona,MAAC,Hofstra,H,"W, 81-73",113.8,97.4,74.7,108.5,52.5,20.1,30.6,45,97.7,50,20.1,36.8,28.6,85.7,15,
155,155,11/7/25,N,Missouri,SEC,Southeast Missouri S,H,"W, 89-84",113.7,112.5,77.3,115.1,64.8,24.6,31,57.4,108.6,53.2,20.7,38.2,33.3,52.9,2,
156,156,11/3/25,N,South Florida,Amer,Florida A&M,H,"W, 102-67",113.4,97.6,80.2,127.2,54.8,18.7,48.6,64.5,83.6,41.5,26.2,27.5,44.1,84.8,10,
157,157,11/3/25,N,Samford,SC,Tulane,A,"L, 85-72",113.4,122.7,65.1,110.6,50.8,16.9,36.6,27.9,130.5,68.9,12.3,8.7,24.5,28.6,-5,
158,158,11/3/25,N,San Jose St.,MWC,Utah,A,"L, 84-75",113.4,111.1,70.3,106.7,50.8,15.7,32.5,27.7,119.5,58.1,15.7,36.1,30.6,55.9,-4,
159,159,11/3/25,N,Colgate,Pat,Michigan St.,A,"L, 80-69",113.2,104.5,69.2,99.7,57,18.8,9.7,10.5,115.6,46.7,14.4,46.3,61.7,71.3,-6,
160,160,11/3/25,N,Wagner,NEC,VCU,A,"L, 103-74",113.2,122.1,76.1,97.3,45.2,19.7,33.3,38.1,135.4,60.3,13.1,41,45.6,29.5,-8,
161,161,11/3/25,N,BYU,B12,Villanova,N,"W, 71-66",113.1,89,68,104.3,43.2,5.9,27.3,31.8,97,43.3,16.2,35.4,22.4,94,5,
162,162,11/3/25,N,Maryland,B10,Coppin St.,N,"W, 83-61",113.1,101.9,68.2,121.6,54.5,17.6,34.4,45.5,89.4,50,29.3,25.8,32.7,76.9,11,
163,163,11/6/25,N,Mercyhurst,NEC,Loyola Chicago,A,"W, 73-65",113.1,92,67.5,108.2,52.8,17.8,31,38.9,96.4,45.3,20.8,27,43.4,91.4,7,
164,164,11/6/25,N,Saint Louis,A10,Chicago St.,H,"W, 108-86",113,108.7,85.7,126.1,62.9,17.5,25,53.2,100.4,43.9,17.5,27.9,53,61.1,8,
165,165,11/4/25,N,Stanford,ACC,Portland St.,H,"W, 89-79",113,102.8,80.3,110.8,52.6,21.2,31.2,63.2,98.3,56.8,26.1,23.5,27.1,74.9,6,
166,166,11/8/25,N,Texas St.,SB,Tulane,A,"L, 79-71",113,107.6,66.7,106.4,50,16.5,32.4,21.7,118.4,52.1,16.5,18.5,63.8,63.6,6,
167,167,11/3/25,N,Kent St.,MAC,Troy,H,"L, 103-97",113,123.9,76.2,113.2,45.6,16.3,44,41.8,120.2,61.9,14,20.7,52.4,25.6,-9,
168,168,11/6/25,N,Washington,B10,Denver,H,"W, 84-70",112.9,108.9,70.4,119.3,56.2,12.8,33.3,23.1,99.4,50.8,18.5,25.7,19.7,60.3,8,
169,169,11/4/25,N,Georgia Southern,SB,East Carolina,A,"L, 92-89",112.9,113.2,80.4,110.7,53.8,17.4,35,45.5,114.5,50,16.2,43.9,62.1,49.2,-2,
170,170,11/3/25,N,Hofstra,CAA,UCF,A,"L, 82-78",112.7,105.1,72.8,107.2,46,16.5,35.1,38.7,112.7,53.6,22,47.1,64.3,69,-1,
171,171,11/8/25,N,Utah Valley,WAC,Boise St.,A,"L, 101-77",112.6,121,74.8,103,52.7,21.4,22.2,43.6,135.1,62.7,12,36.7,57.6,30.5,-,
172,172,11/3/25,N,Washington,B10,Arkansas Pine Bluff,H,"W, 94-50",112.5,83.8,73.2,128.4,57.4,19.1,51.5,54.1,68.3,31.3,21.9,30.8,17.9,96.7,16,
173,173,11/3/25,N,Auburn,SEC,Bethune Cookman,H,"W, 95-90",112.5,115.7,70.8,119.3,50,13.8,39.5,55.9,113,58.6,16.3,23.5,12.9,42,1,
174,174,11/7/25,N,Idaho St.,BSky,San Diego,A,"W, 71-68",112.5,98.6,63.3,112.1,51.8,15.8,40.6,33.3,107.4,49.2,15.8,34.3,23.7,82,7,
175,175,11/3/25,N,Miami FL,ACC,Jacksonville,H,"W, 86-69",112.5,101.6,73.6,116.8,58.2,20.4,34.8,75.5,93.7,53.4,19,15.6,24.1,76.4,8,
176,176,11/5/25,N,South Dakota,Sum,Creighton,A,"L, 92-76",112.3,110.9,72.9,104.2,45.3,17.8,45.7,18.9,126.1,55.4,17.8,54.3,14.9,53.6,-11,
177,177,11/3/25,N,Milwaukee,Horz,Hampton,H,"W, 90-86",112.2,110.3,79.5,113.1,47.9,11.3,41.2,60,108.1,48.4,22.6,37.2,54,54.8,6,
178,178,11/7/25,N,Green Bay,Horz,Buffalo,A,"L, 83-76",112.1,135.2,64.2,118.3,62.8,17.1,15.4,44.7,129.2,59.6,10.9,28.1,87.2,10.4,-3,
179,179,11/7/25,N,Sacred Heart,MAAC,Duquesne,A,"L, 92-80",112.1,117.3,74.2,107.8,43.8,14.8,34.9,82.1,124,50,9.4,37.8,59.1,37.1,-6,
180,180,11/7/25,N,Grand Canyon,MWC,Youngstown St.,H,"L, 90-81",111.9,126.7,72.3,112,50,18,44.4,33.3,124.4,58.9,12.4,25.8,53.6,19.4,-3,
181,181,11/3/25,N,Duquesne,A10,Niagara,H,"W, 83-63",111.8,96,71,116.9,66.4,23.9,26.9,23.6,88.7,43.8,22.5,19.4,56.2,85.2,16,
182,182,11/5/25,N,Mississippi St.,SEC,North Alabama,H,"W, 86-62",111.7,95.2,71.5,120.2,49.3,9.8,43.2,33.8,86.7,42.3,18.2,24.4,18.5,86.4,4,
183,183,11/3/25,N,UCF,B12,Hofstra,H,"W, 82-78",111.5,114.4,72.8,112.7,53.6,22,47.1,64.3,107.2,46,16.5,35.1,38.7,42.5,1,
184,184,11/3/25,N,Cincinnati,B12,Western Carolina,H,"W, 94-63",111.5,85.1,80,117.6,62.7,18.8,23.3,50.8,78.8,43,27.5,32.6,21.9,95.7,19,
185,185,11/4/25,N,South Carolina,SEC,North Carolina A&T,H,"W, 91-72",111.4,103.4,75.7,120.2,60.3,17.2,29.4,33.3,95.1,46.7,15.8,18.9,36.7,70.1,12,
186,186,11/8/25,N,Memphis,Amer,San Francisco,H,"W, 76-70",111.3,88.6,74.1,102.5,47,18.9,40.5,39.4,94.5,49.1,20.2,27.3,45.5,93.2,9,
187,187,11/5/25,N,La Salle,A10,Coppin St.,H,"W, 87-59",111.2,89.4,73.6,118.2,56.6,19,34.4,66,80.2,38.6,21.7,17.5,31.6,92.5,20,
188,188,11/3/25,N,Akron,MAC,James Madison,H,"W, 85-71",111.2,103.4,72,118.1,49.2,11.1,38.5,46,98.6,48.4,26.4,31.6,21.3,69.7,0,
189,189,11/3/25,N,Iowa St.,B12,Fairleigh Dickinson,H,"W, 88-50",111,82.7,70.7,124.5,61.2,12.7,26.5,13.4,70.7,38.5,25.5,20,32.7,96.7,19,
190,190,11/3/25,N,Rhode Island,A10,Stetson,H,"W, 93-62",111,98.3,73.9,125.8,58.7,18.9,48.4,38.1,83.9,45.5,27.1,27.5,40,80.2,13,
191,191,11/7/25,N,Iowa,B10,Western Illinois,H,"W, 77-58",111,102,63,122.2,62,11.1,14.8,40,92,45.7,22.2,21.4,38.3,72.6,9,
192,192,11/3/25,N,Toledo,MAC,South Alabama,H,"L, 76-74",110.8,132,63.7,116.1,60.9,17.3,19.4,16.4,119.3,61.2,15.7,35.5,22.4,11.8,-9,
193,193,11/8/25,N,UNC Asheville,BSth,Georgia Southern,A,"L, 93-90",110.7,114,80.5,111.9,58.3,22.4,31,40,115.6,50,11.2,28.6,60,41.6,1,
194,194,11/3/25,N,Wake Forest,ACC,American,H,"W, 88-74",110.6,104.5,75.5,116.6,53.1,14.6,33.3,36.9,98,50,23.8,25.7,31,65.6,9,
195,195,11/3/25,N,North Carolina,ACC,Central Arkansas,H,"W, 94-54",110.4,82.2,75.4,124.7,58.5,15.9,37.5,33.8,71.7,37.5,22.6,23.3,14.1,96.7,21,
196,196,11/3/25,N,California,ACC,Cal St. Bakersfield,H,"W, 87-60",110.3,88.2,73.1,119.1,58.5,19.2,40,42.4,82.1,38.7,23.3,30.6,56.6,92.9,11,
197,197,11/3/25,N,Syracuse,ACC,Binghamton,H,"W, 85-47",110.2,80,69,123.1,56.1,7.2,33.3,24.2,68.1,34.4,31.9,20.6,48.9,97.5,16,
198,198,11/7/25,N,Oregon St.,WCC,Illinois Chicago,H,"W, 76-73",110.1,107.4,68.9,110.3,54.9,30.5,53.6,49,105.9,50,20.3,30.3,38.2,57.1,3,
199,199,11/7/25,N,Chattanooga,SC,Saint Mary's,A,"L, 87-66",109.7,118.8,67.4,97.9,49,19.3,19.4,36.5,129.1,66.7,20.8,28.6,64.4,28.7,-11,
200,200,11/3/25,N,Incarnate Word,Slnd,Colorado St.,A,"L, 98-64",109.7,136.5,65.6,97.5,44.1,7.6,16.7,35.6,149.4,74,15.2,38.1,62.5,7.5,-13,
201,201,11/3/25,N,Clemson,ACC,New Hampshire,H,"W, 88-38",109.6,68.6,69.4,126.8,56.9,8.6,24.1,80.4,54.8,28.3,18.7,17.4,15,99.5,20,
202,202,11/4/25,N,Tennessee Martin,OVC,UNLV,A,"W, 86-81",109.6,97.1,80.2,107.2,53.6,17.5,27.5,87.3,101,53,27.4,31.2,74,80.1,-1,
203,203,11/8/25,N,Georgia Southern,SB,UNC Asheville,H,"W, 93-90",109.6,114.5,80.5,115.6,50,11.2,28.6,60,111.9,58.3,22.4,31,40,37.7,-1,
204,204,11/4/25,N,Alcorn St.,SWAC,Florida St.,A,"L, 108-76",109.5,130.8,75.8,100.2,58.8,27.7,29,52.9,142.4,65,10.5,36.8,35.7,11.4,-14,
205,205,11/3/25,N,Michigan St.,B10,Colgate,H,"W, 80-69",109.5,104.3,69.2,115.6,46.7,14.4,46.3,61.7,99.7,57,18.8,9.7,10.5,63.6,6,
206,206,11/7/25,N,Utah Tech,WAC,Arizona,A,"L, 93-67",109.4,111.1,71.2,94.2,43.6,19.7,28.9,49.1,130.7,62.7,16.9,40.6,31.7,45.8,-10,
207,207,11/5/25,N,UC Davis,BW,North Dakota St.,H,"W, 80-68",109.3,107.8,68.9,116.2,64.2,26.1,44,32.1,98.7,38.7,17.4,46.5,19.7,53.9,2,
208,208,11/3/25,N,UCLA,B10,Eastern Washington,H,"W, 80-74",109.2,102.6,70.7,113.2,52.9,11.3,33.3,14.3,104.7,60.2,22.6,20.7,25.9,67.2,7,
209,209,11/8/25,N,Fairleigh Dickinson,NEC,Saint Peter's,A,"L, 93-83",109.2,131.5,74.2,111.9,63.2,24.3,33.3,35.1,125.4,58.1,14.8,32.4,43.5,10.5,-7,
210,210,11/7/25,N,Pepperdine,WCC,UCLA,A,"L, 74-63",109.2,105.4,62.8,100.4,41,19.1,41.7,21.3,117.9,52.9,15.9,40.6,50,60,-9,
211,211,11/3/25,N,Belmont,MVC,Air Force,H,"W, 79-63",109.1,109.1,66.6,118.7,52.7,12,25.8,45.5,94.6,59.6,34.5,34.8,19.1,49.9,4,
212,212,11/5/25,N,Rutgers,B10,Rider,H,"W, 81-53",109.1,91.5,66.6,121.6,46.9,10.5,44.4,51.6,79.6,29.2,21,43.8,27.7,88.3,9,
213,213,11/8/25,N,Tulane,Amer,Texas St.,H,"W, 79-71",109.1,118,66.7,118.4,52.1,16.5,18.5,63.8,106.4,50,16.5,32.4,21.7,28.8,-6,
214,214,11/4/25,N,East Carolina,Amer,Georgia Southern,H,"W, 92-89",109,113.6,80.4,114.5,50,16.2,43.9,62.1,110.7,53.8,17.4,35,45.5,38.4,2,
215,215,11/3/25,N,Fairfield,MAAC,Penn St.,A,"L, 76-68",108.9,103.3,69.1,98.4,42.9,10.1,27.3,12.9,110,53.5,10.1,21.2,43.9,64.8,2,
216,216,11/4/25,N,Robert Morris,Horz,Iowa,A,"L, 101-69",108.9,129.1,68.7,100.5,59.4,33.5,44.8,45.8,147.1,69.1,16,45.5,93.6,12.4,-18,
217,217,11/7/25,N,Bucknell,Pat,Mount St. Mary's,A,"W, 73-62",108.8,100.1,65.4,111.6,50,6.1,23.1,39.7,94.8,43.1,22.9,33.3,49,72.3,4,
218,218,11/3/25,N,Indiana St.,MVC,Charlotte,A,"L, 92-76",108.8,129.9,69.1,110,53.5,14.5,22.9,36.8,133.1,55.4,11.6,52.9,46.2,11.6,-8,
219,219,11/3/25,N,Ball St.,MAC,Louisiana,H,"W, 75-64",108.7,105.7,64.3,116.7,60.9,17.1,28.6,60.9,99.6,50,18.7,25.7,15.3,57.9,2,
220,220,11/3/25,N,Northern Arizona,BSky,Drake,N,"L, 77-71",108.6,111.6,69.1,102.8,43.8,8.7,30.6,16.4,111.5,50.8,14.5,33.3,36.7,42.2,0,
221,221,11/8/25,N,Toledo,MAC,Marshall,H,"L, 85-73",108.6,118.4,70.9,103,45.3,19.8,36.6,29.7,120,63.1,21.2,36.4,19.7,27,3,
222,222,11/3/25,N,St. Bonaventure,A10,Bradley,N,"W, 69-63",108.4,93.8,66.1,104.3,46.7,19.7,38.5,28.3,95.3,48.2,13.6,14.7,23.2,84.2,4,
223,223,11/3/25,N,Campbell,CAA,Wisconsin,A,"L, 96-64",108.4,114,71,90.1,49,26.7,30,32.7,135.1,59,12.7,38.2,28.4,35.9,-6,
224,224,11/7/25,N,UMKC,Sum,Southern Illinois,A,"L, 101-78",108.4,126.1,76.1,102.4,46.4,15.8,34,33.3,132.7,69.7,15.8,33.3,42.6,14.8,-8,
225,225,11/6/25,N,Chicago St.,NEC,Saint Louis,A,"L, 108-86",108.3,114.6,85.7,100.4,43.9,17.5,27.9,53,126.1,62.9,17.5,25,53.2,34.4,-8,
226,226,11/7/25,N,Illinois Chicago,MVC,Oregon St.,A,"L, 76-73",108.2,106.8,68.9,105.9,50,20.3,30.3,38.2,110.3,54.9,30.5,53.6,49,53.8,-3,
227,227,11/7/25,N,Mississippi,SEC,Louisiana Monroe,H,"W, 86-65",108.1,96.5,74.1,116,58.3,17.5,28.9,19.7,87.7,46.6,20.2,20,28.8,78.7,15,
228,228,11/8/25,N,Marshall,SB,Toledo,A,"W, 85-73",107.9,107.1,70.9,120,63.1,21.2,36.4,19.7,103,45.3,19.8,36.6,29.7,52.1,-3,
229,229,11/8/25,N,Dayton,A10,UMBC,H,"W, 77-71",107.9,110.7,66.1,116.5,56.9,13.6,23.1,47.1,107.5,54.3,22.7,34.4,17.2,42.6,4,
230,230,11/3/25,N,James Madison,SB,Akron,A,"L, 85-71",107.8,104.3,72,98.6,48.4,26.4,31.6,21.3,118.1,49.2,11.1,38.5,46,59.3,0,
231,231,11/3/25,N,Connecticut,BE,New Haven,H,"W, 79-55",107.8,97,66.6,118.7,55.4,18,32.3,35.7,82.6,47.1,16.5,11.8,26.9,77.1,11,
232,232,11/8/25,N,Kennesaw St.,CUSA,Florida A&M,A,"W, 92-72",107.7,97.2,80.5,114.3,64.3,17.4,14.8,50,89.5,35.8,14.9,30.2,49.3,76.5,8,
233,233,11/3/25,N,Southern,SWAC,Arkansas,A,"L, 109-77",107.7,117.4,81.1,95,47.8,14.8,27.9,34.8,134.4,57.5,11.1,35.9,39.7,27.2,-17,
234,234,11/5/25,N,Georgia,SEC,Maryland Eastern Sho,H,"W, 94-29",107.6,57.9,74,127.1,46.1,13.5,54.3,38.2,39.2,20.9,41.9,40.4,23.6,99.9,19,
235,235,11/7/25,N,Rice,Amer,Oregon,A,"L, 67-63",107.6,91.5,66.6,94.5,44.4,21,34.1,17.7,100.5,39.4,18,42.1,73.1,86.5,0,
236,236,11/4/25,N,NJIT,AE,Fordham,A,"W, 72-61",107.5,93.2,64.7,111.3,57.6,17,25.7,13.6,94.3,37.3,12.4,40.4,26.9,83.8,4,
237,237,11/6/25,N,Texas Southern,SWAC,Texas A&M,A,"L, 104-70",107.3,112.8,77.2,90.6,56.1,29.8,30,51,134.7,63.9,10.4,22.6,60.7,36.1,-6,
238,238,11/6/25,N,Le Moyne,NEC,Xavier,A,"L, 74-69",107.2,104.1,68.7,100.5,60.8,26.2,19.2,23.5,107.8,53.4,16,26.3,27.1,58.4,-4,
239,239,11/4/25,N,Arizona St.,B12,Southern Utah,H,"W, 81-64",107.2,94.7,72.7,111.5,56.8,19.3,31.4,33.9,88.1,40,22,36.4,11.4,80.7,10,
240,240,11/3/25,N,UAB,Amer,Mississippi Valley S,H,"W, 106-55",107,83.8,84.8,125,56.1,9.4,34.1,50,64.9,33.6,30.7,12.8,34.5,94.3,23,
241,241,11/7/25,N,Samford,SC,South Carolina St.,H,"W, 82-72",107,115.1,72.1,113.8,54.7,13.9,26.5,69.8,99.9,50,18,18.8,31.6,30,1,
242,242,11/5/25,N,Butler,BE,Southern Indiana,H,"W, 88-58",107,83.1,74.9,117.5,52.3,17.4,40.5,44.6,77.4,35.4,16,20.4,26.2,94.8,16,
243,243,11/4/25,N,Texas,SEC,Duke,N,"L, 75-60",106.8,96.7,66.6,90.1,36.4,24,40.9,39,112.6,51,15,32.4,57.7,75.7,-4,
244,244,11/3/25,N,Saint Francis,NEC,Oklahoma,A,"L, 102-66",106.8,114.5,74.2,89,44.7,18.9,30,15.2,137.6,63.6,14.8,40,25.7,31,-6,
245,245,11/6/25,N,California,ACC,Wright St.,H,"W, 77-67",106.7,99.3,69.6,110.6,46.4,14.4,29.4,56.4,96.2,44.5,11.5,25,28.1,69.6,6,
246,246,11/3/25,N,Houston,B12,Lehigh,H,"W, 75-57",106.6,86.6,68.2,110,48.4,19.1,41.7,32.8,83.6,41.2,22,24.3,45.1,91.6,14,
247,247,11/3/25,N,USC Upstate,BSth,Cal Baptist,A,"L, 87-75",106.6,122.2,70.9,105.8,50.9,19.8,24.2,53.7,122.8,58.6,9.9,37.1,32.8,17.2,-8,
248,248,11/3/25,N,Pittsburgh,ACC,Youngstown St.,H,"W, 74-59",106.6,97.8,65.5,112.9,49.1,27.5,51.5,50.9,90,48.2,18.3,21.6,16.1,73,2,
249,249,11/3/25,N,Louisiana Monroe,SB,Northern Illinois,A,"L, 102-82",106.5,134.4,74.9,109.5,58.9,17.4,19.4,39.3,136.2,63.8,24,61.3,40,6.4,-7,
250,250,11/7/25,N,McNeese St.,Slnd,Santa Clara,A,"L, 79-67",106.5,109.6,67.4,99.4,49,20.8,29,45.1,117.2,48.5,22.3,56.8,37.9,41.7,-5,
251,251,11/3/25,N,Tennessee,SEC,Mercer,H,"W, 76-61",106.3,92.5,70,108.5,54.9,27.1,45.7,24.6,87.1,34.3,7.1,25.5,31.3,83.1,10,
252,252,11/4/25,N,Kentucky,SEC,Nicholls St.,H,"W, 77-51",106.1,83.9,70,110.1,52.4,18.6,37.5,35.5,72.9,34,15.7,12.2,41.5,93.7,11,
253,253,11/3/25,N,Providence,BE,Holy Cross,H,"W, 89-79",106,104.5,77.9,114.2,55.6,12.8,22.2,43.5,101.4,50,16.7,20.9,32.3,54.1,10,
254,254,11/3/25,N,Old Dominion,SB,Miami OH,A,"L, 87-72",106,104.4,74.7,96.4,55.7,25.4,16.7,30.2,116.4,56,16.1,25,46.6,54.4,4,
255,255,11/3/25,N,Georgetown,BE,Morgan St.,H,"W, 87-70",105.8,104.5,75.5,115.3,46.2,9.3,35,60,92.8,45.7,21.2,29.7,41.4,53.3,8,
256,256,11/7/25,N,Northern Illinois,MAC,Wisconsin,A,"L, 97-72",105.8,119.9,73.7,97.8,54.3,23.1,16,66,131.7,56.6,12.2,41.7,60.7,19.3,-18,
257,257,11/3/25,N,Bowling Green,MAC,Texas St.,H,"W, 83-48",105.7,80.6,70.5,117.8,62.1,17,25,27.6,68.1,41.7,25.5,14.3,13,95.8,8,
258,258,11/6/25,N,Nebraska Omaha,Sum,Abilene Christian,A,"L, 73-71",105.3,109.8,68.8,103.1,55.8,23.2,20,72.1,106,50,20.3,37.5,36.8,38.3,-4,
259,259,11/6/25,N,Denver,Sum,Washington,A,"L, 84-70",105.2,105.7,70.4,99.4,50.8,18.5,25.7,19.7,119.3,56.2,12.8,33.3,23.1,48.6,-8,
260,260,11/3/25,N,Villanova,BE,BYU,N,"L, 71-66",105,92.7,68,97,43.3,16.2,35.4,22.4,104.3,43.2,5.9,27.3,31.8,80.8,-5,
261,261,11/7/25,N,Florida Gulf Coast,ASun,Illinois,A,"L, 113-70",105,129.7,74.9,93.4,37.3,1.3,24.5,15.2,150.8,63.8,9.3,39.3,52.3,8.1,-27,
262,262,11/3/25,N,Hampton,CAA,Milwaukee,A,"L, 90-86",105,114.6,79.5,108.1,48.4,22.6,37.2,54,113.1,47.9,11.3,41.2,60,26.7,-6,
263,263,11/3/25,N,Murray St.,MVC,Nebraska Omaha,N,"W, 85-77",104.9,95.7,79.1,107.4,46.6,17.7,28.6,55.9,97.3,50,21.5,27.8,28.1,74.2,5,
264,264,11/3/25,N,Winthrop,BSth,Queens,H,"W, 81-74",104.9,106.8,72.2,112.2,45.2,13.9,39,50,102.5,47.6,23.6,37.8,25.4,44.8,2,
265,265,11/7/25,N,Columbia,Ivy,New Haven,A,"W, 71-53",104.8,87.7,65.6,108.2,63.3,24.4,30.8,28.6,80.8,35.1,18.3,21.4,28.1,88.6,14,
266,266,11/6/25,N,Northwestern St.,Slnd,North Texas,A,"L, 80-53",104.7,124,59.1,89.6,41.2,27.1,33.3,67.5,135.3,66,18.6,46.2,44,12.5,-6,
267,267,11/3/25,N,Miami OH,MAC,Old Dominion,H,"W, 87-72",104.7,104.5,74.7,116.4,56,16.1,25,46.6,96.4,55.7,25.4,16.7,30.2,50.5,-4,
268,268,11/7/25,N,UAB,Amer,N.C. State,A,"L, 94-70",104.7,107,74.5,93.9,43.7,18.8,38.6,19.7,126.1,62.3,18.8,37.9,36.1,44,-8,
269,269,11/3/25,N,American,Pat,Wake Forest,A,"L, 88-74",104.6,109.6,75.5,98,50,23.8,25.7,31,116.6,53.1,14.6,33.3,36.9,36.7,-9,
270,270,11/8/25,N,Syracuse,ACC,Delaware St.,H,"W, 83-43",104.6,70.8,71.5,116,65.5,19.6,25,38.2,60.1,22.3,21,33.3,26.2,98.9,17,
271,271,11/3/25,N,St. Thomas,Sum,Saint Mary's,A,"L, 84-58",104.6,115.5,64.9,89.4,51.9,15.4,11.8,18.9,129.5,60.5,17,36.7,33.3,24.1,-8,
272,272,11/6/25,N,West Virginia,B12,Campbell,H,"W, 73-65",104.5,96.5,68,107.3,46.5,16.2,31.6,47.4,95.6,37,17.6,36.8,59.3,71.5,6,
273,273,11/6/25,N,Grambling St.,SWAC,Iowa St.,A,"L, 102-62",104.4,116.9,74.8,82.8,46.9,25.4,15.6,46.9,136.3,63.6,16,44.4,43.9,21.4,-11,
274,274,11/7/25,N,Charlotte,Amer,Tennessee Tech,H,"W, 70-65",104.3,102,65.7,106.6,59.6,28.9,37,42.6,99,56.4,25.9,32.3,53.2,56.5,10,
275,275,11/3/25,N,Drake,MVC,Northern Arizona,N,"W, 77-71",104.2,107,69.1,111.5,50.8,14.5,33.3,36.7,102.8,43.8,8.7,30.6,16.4,42.4,0,
276,276,11/4/25,N,Portland St.,BSky,Stanford,A,"L, 89-79",104.2,106.8,80.3,98.3,56.8,26.1,23.5,27.1,110.8,52.6,21.2,31.2,63.2,42.8,-6,
277,277,11/3/25,N,Queens,ASun,Winthrop,A,"L, 81-74",104.2,111.5,72.2,102.5,47.6,23.6,37.8,25.4,112.2,45.2,13.9,39,50,31.6,-2,
278,278,11/3/25,N,Florida Atlantic,Amer,Boston College,H,"W, 83-78",104.1,95.6,71.2,103.6,52.2,15,19.1,37.3,97.3,49.3,17.5,32.6,35.8,72.8,2,
279,279,11/8/25,N,Wyoming,MWC,Cal St. Fullerton,H,"W, 92-82",104,111.7,84,109.5,53.8,13.1,25,56.9,97.6,46.4,20.2,18.4,78.2,30.7,-,
280,280,11/6/25,N,Jackson St.,SWAC,Louisville,A,"L, 106-70",104,116.4,77.1,90.8,48.4,15.6,17.1,25.4,137.5,59.7,13,40.5,52.2,21.6,-18,
281,281,11/6/25,N,Campbell,CAA,West Virginia,A,"L, 73-65",103.9,101.7,68,95.6,37,17.6,36.8,59.3,107.3,46.5,16.2,31.6,47.4,56.1,-6,
282,282,11/3/25,N,Holy Cross,Pat,Providence,A,"L, 89-79",103.9,105.8,77.9,101.4,50,16.7,20.9,32.3,114.2,55.6,12.8,22.2,43.5,44.8,-10,
283,283,11/6/25,N,Abilene Christian,WAC,Nebraska Omaha,H,"W, 73-71",103.9,101,68.8,106,50,20.3,37.5,36.8,103.1,55.8,23.2,20,72.1,58.1,4,
284,284,11/5/25,N,North Dakota St.,Sum,UC Davis,A,"L, 80-68",103.9,116,68.9,98.7,38.7,17.4,46.5,19.7,116.2,64.2,26.1,44,32.1,22,-2,
285,285,11/3/25,N,South Dakota St.,Sum,Merrimack,N,"W, 75-66",103.8,103.6,70.1,107,48.2,20,38.9,45.6,94.2,39.3,15.7,23.1,48.2,50.5,2,
286,286,11/3/25,N,Bucknell,Pat,Delaware,H,"W, 78-70",103.7,103.1,71.1,109.7,53.2,18.3,35.3,22.6,98.5,46.1,16.9,28.6,28.1,51.6,6,
287,287,11/6/25,N,Alcorn St.,SWAC,South Alabama,A,"L, 76-70",103.5,105.2,72,97.2,55.5,25,23.3,20,105.5,56.6,20.8,28.6,50.9,45.4,3,
288,288,11/3/25,N,Illinois Chicago,MVC,Detroit Mercy,H,"W, 91-71",103.5,100.6,79.3,114.8,54.5,20.2,32.4,64.3,89.5,36.4,18.9,38.9,26,57.9,4,
289,289,11/3/25,N,Seattle,WCC,Denver,H,"W, 84-73",103.4,103.6,77,109.1,52.5,15.6,26.3,55.9,94.8,44.6,23.4,27.8,50,49.7,6,
290,290,11/8/25,N,William & Mary,CAA,Norfolk St.,A,"W, 81-78",103.4,106.3,77.1,105.3,53.8,22.1,30.3,64.2,101.4,52.6,24.7,32.6,53.4,42,-,
291,291,11/4/25,N,Kansas St.,B12,UNC Greensboro,H,"W, 93-64",103.2,95,80,116.3,61.2,20,34.4,29.9,80,42.6,22.5,24.4,32.8,72.1,2,
292,292,11/3/25,N,USC,B10,Cal Poly,H,"W, 94-64",102.9,84.5,82.8,113.5,53.2,16.9,36.1,63.5,77.2,39.6,26.6,35.4,16.7,90.5,9,
293,293,11/7/25,N,Detroit Mercy,Horz,Notre Dame,A,"L, 102-70",102.9,119.3,76.1,92,48.5,17.1,19.5,14.9,134,62.3,9.2,30.6,31.9,15.4,-12,
294,294,11/7/25,N,Pittsburgh,ACC,Longwood,H,"W, 78-60",102.9,91.5,70.1,111.2,54,20,32.4,70,85.5,34.8,10,24.5,20.3,79.5,4,
295,295,11/7/25,N,Cal Baptist,WAC,UC Irvine,A,"W, 69-61",102.7,86,71.5,96.5,44.7,23.8,47.5,22.7,85.3,38.7,14,23.4,37.1,88.4,3,
296,296,11/8/25,N,La Salle,A10,Monmouth,H,"W, 73-60",102.7,96.7,66.2,110.3,41.9,18.1,45.5,45.2,90.7,47.1,24.2,32.4,32.7,66.4,3,
297,297,11/3/25,N,North Carolina Centr,MEAC,N.C. State,A,"L, 114-66",102.5,132.8,72.8,90.7,49,24.7,21.2,58.3,156.6,72.7,12.4,45.2,46.9,4.9,-21,
298,298,11/3/25,N,Nebraska,B10,West Georgia,H,"W, 86-53",102.5,94.9,70.5,121.9,54.7,12.8,37.5,39.1,75.2,32.3,17,26.1,20,71,4,
299,299,11/7/25,N,Purdue Fort Wayne,Horz,Ohio St.,A,"L, 94-68",102.4,109.8,72.6,93.6,48.3,17.9,19.4,28.8,129.4,82.4,26.2,28.6,25.5,31,-13,
300,300,11/6/25,N,UC Riverside,BW,North Dakota,A,"W, 74-70",102.3,105.1,70.6,104.8,60.5,26.9,17.4,62.8,99.1,49.2,14.2,24.4,40.7,42.2,5,
301,301,11/6/25,N,Drake,MVC,Robert Morris,H,"L, 81-79",102,113.2,66.2,106,41.5,10.7,30.4,49.2,108.7,53.7,22.8,38.9,11.8,23.1,-3,
302,302,11/3/25,N,Western Kentucky,CUSA,Tennessee Tech,H,"W, 82-70",102,98.3,76.2,107.7,43.5,14.4,33.3,56.5,91.9,52.5,24.9,25.6,19.7,60.5,9,
303,303,11/3/25,N,Washington St.,WCC,Idaho,H,"L, 83-81",101.9,118.4,71.6,113.1,49.1,7,17.6,59.6,115.9,59.5,15.4,21.2,32.8,15,-9,
304,304,11/3/25,N,North Dakota St.,Sum,Oregon St.,A,"L, 67-65",101.9,97.8,65.8,98.8,43.9,10.6,28.2,16.7,101.8,53.3,18.2,16.7,57.8,61.4,-1,
305,305,11/4/25,N,Wichita St.,Amer,UNC Asheville,H,"W, 75-58",101.9,91.6,67.7,110.9,48.5,20.7,51.2,22.1,85.7,44.6,23.7,30.6,23.2,77.3,3,
306,306,11/5/25,N,North Alabama,ASun,Mississippi St.,A,"L, 86-62",101.7,102.4,71.5,86.7,42.3,18.2,24.4,18.5,120.2,49.3,9.8,43.2,33.8,48.2,-4,
307,307,11/7/25,N,South Carolina St.,MEAC,Samford,A,"L, 82-72",101.6,110,72.1,99.9,50,18,18.8,31.6,113.8,54.7,13.9,26.5,69.8,28.6,-1,
308,308,11/3/25,N,Southeastern Louisia,Slnd,Mississippi,A,"L, 88-58",101.6,114.4,66.6,87.1,40.6,19.5,25.6,47.2,132.2,58.3,15,44.4,55.6,20.4,-8,
309,309,11/7/25,N,North Carolina Centr,MEAC,Virginia,A,"L, 81-62",101.5,118.3,62.7,98.8,36.7,14.3,36.4,36.7,129.1,57.4,19.1,52.6,31.1,14.6,-18,
310,310,11/6/25,N,IU Indy,Horz,LIU,H,"L, 94-90",101.4,111.5,86.5,104,48.7,16.2,31.1,23.1,108.7,62.9,26.6,39.4,33.3,25.2,1,
311,311,11/8/25,N,Saint Joseph's,A10,Drexel,H,"W, 76-65",101.3,103.5,71.5,106.4,43.1,14,29.7,51.7,91,40.6,16.8,36.4,20.3,44,0,
312,312,11/3/25,N,Penn St.,B10,Fairfield,H,"W, 76-68",101.3,110.9,69.1,110,53.5,10.1,21.2,43.9,98.4,42.9,10.1,27.3,12.9,26.1,-2,
313,313,11/8/25,N,Drexel,CAA,Saint Joseph's,A,"L, 76-65",101,100.2,71.5,91,40.6,16.8,36.4,20.3,106.4,43.1,14,29.7,51.7,52.2,0,
314,314,11/6/25,N,Wright St.,Horz,California,A,"L, 77-67",101,104,69.6,96.2,44.5,11.5,25,28.1,110.6,46.4,14.4,29.4,56.4,41.7,-6,
315,315,11/6/25,N,LIU,NEC,IU Indy,A,"W, 94-90",100.9,113.7,86.5,108.7,62.9,26.6,39.4,33.3,104,48.7,16.2,31.1,23.1,20.2,-1,
316,316,11/7/25,N,Seton Hall,BE,Wagner,H,"W, 68-61",100.9,104.8,64.5,105.3,45.9,17,50,39.3,94.5,57.1,31,31,24.5,39.5,3,
317,317,11/3/25,N,Boston University,Pat,Northeastern,A,"W, 76-75",100.8,103.9,66.2,102.1,50,21.5,31.4,33.3,100.8,47.5,17.5,29.7,43.3,41.3,-2,
318,318,11/3/25,N,Jacksonville,ASun,Miami FL,A,"L, 86-69",100.8,103.6,73.6,93.7,53.4,19,15.6,24.1,116.8,58.2,20.4,34.8,75.5,42.3,-8,
319,319,11/3/25,N,Morgan St.,MEAC,Georgetown,A,"L, 87-70",100.8,105.9,75.5,92.8,45.7,21.2,29.7,41.4,115.3,46.2,9.3,35,60,36.4,-8,
320,320,11/3/25,N,Denver,Sum,Seattle,A,"L, 84-73",100.7,108.8,77,94.8,44.6,23.4,27.8,50,109.1,52.5,15.6,26.3,55.9,29,-6,
321,321,11/6/25,N,Ohio,MAC,Illinois St.,H,"W, 72-68",100.7,92.1,70,102.8,51.8,11.4,15.6,49.1,97.1,50,15.7,23.1,17.7,73.5,2,
322,322,11/3/25,N,Quinnipiac,MAAC,St. John's,A,"L, 108-74",100.7,110.7,83.6,88.5,45.5,26.3,32.6,28.4,129.2,62.3,16.7,43.2,49.3,25.1,-17,
323,323,11/7/25,N,VCU,A10,Utah St.,N,"L, 80-77",100.6,99.9,76.3,100.9,50.8,24.9,37.8,46.7,104.8,53.4,23.6,38.9,44.8,52.2,-8,
324,324,11/3/25,N,Air Force,MWC,Belmont,A,"L, 79-63",100.5,109.1,66.6,94.6,59.6,34.5,34.8,19.1,118.7,52.7,12,25.8,45.5,28,-4,
325,325,11/3/25,N,Furman,SC,High Point,N,"L, 97-71",100.5,124.5,73.1,97.2,50,30.1,44.1,33.3,132.7,64.5,8.2,25.7,21.7,7.8,-13,
326,326,11/8/25,N,Lafayette,Pat,Texas,A,"L, 97-60",100.4,122.8,68.9,87.1,44.5,21.8,27,30.9,140.7,59.5,13.1,51.6,46,8.9,-15,
327,327,11/7/25,N,Western Illinois,OVC,Iowa,A,"L, 77-58",100.3,106.6,63,92,45.7,22.2,21.4,38.3,122.2,62,11.1,14.8,40,33.2,-9,
328,328,11/3/25,N,Youngstown St.,Horz,Pittsburgh,A,"L, 74-59",100.3,101.5,65.5,90,48.2,18.3,21.6,16.1,112.9,49.1,27.5,51.5,50.9,46.5,-2,
329,329,11/6/25,N,Boston College,ACC,The Citadel,H,"W, 76-47",100.2,84.3,65.9,115.3,47.6,6.1,33.3,45.2,71.3,34.9,18.2,19.5,37.7,88,9,
330,330,11/3/25,N,Louisiana,SB,Ball St.,A,"L, 75-64",100.1,112.8,64.3,99.6,50,18.7,25.7,15.3,116.7,60.9,17.1,28.6,60.9,20.2,-2,
331,331,11/7/25,N,SIU Edwardsville,OVC,UTSA,A,"W, 77-60",100.1,87.6,72.7,106,53.4,19.3,33.3,44.8,82.6,33.1,12.4,31.5,29.6,82.2,3,
332,332,11/7/25,N,Louisiana,SB,Southeastern Louisia,H,"W, 58-52",100.1,90.4,58.2,99.6,58,20.6,16,27.3,89.3,37.8,18.9,30.8,68.9,76.4,9,
333,333,11/8/25,N,Montana,BSky,Stanford,A,"L, 91-68",99.8,114.8,74.6,91.2,51,26.8,17.9,33.3,122,51.9,6.7,34,19,16.6,-9,
334,334,11/7/25,N,Rhode Island,A10,Tulsa,N,"L, 82-65",99.8,119.5,65.2,99.7,52.1,24.5,32.1,39.6,125.7,62,21.5,44.8,44.4,11.1,-8,
335,335,11/3/25,N,George Mason,A10,Wofford,H,"W, 70-46",99.8,80.1,65.1,107.5,52.7,18.4,26.7,29.1,70.7,36,24.6,25.6,32,92.6,7,
336,336,11/5/25,N,Delaware St.,MEAC,Temple,A,"L, 83-65",99.7,117.1,66.3,98,50.9,24.1,27.6,24.1,125.2,61.4,9,29,38.6,13.6,-8,
337,337,11/7/25,N,San Diego,WCC,Idaho St.,H,"L, 71-68",99.7,124.9,63.3,107.4,49.2,15.8,34.3,23.7,112.1,51.8,15.8,40.6,33.3,6.9,-7,
338,338,11/3/25,N,LIU,NEC,Notre Dame,A,"L, 89-67",99.7,116.3,71,94.4,43.6,21.1,33.3,56.4,125.4,61.8,26.8,50,54.5,14.6,-14,
339,339,11/3/25,N,Xavier,BE,Marist,H,"W, 66-62",99.7,96.4,67.5,97.7,40.6,16.3,30.8,60.4,91.8,51.1,26.7,24,56.8,59.6,4,
340,340,11/8/25,N,Austin Peay,ASun,Air Force,A,"W, 74-54",99.6,82.8,71.6,103.4,54.8,23.7,27.8,55.8,75.4,44.2,30.7,37.5,46.2,89.3,-,
341,341,11/7/25,N,Wagner,NEC,Seton Hall,A,"L, 68-61",99.5,100.8,64.5,94.5,57.1,31,31,24.5,105.3,45.9,17,50,39.3,46.3,-3,
342,342,11/8/25,N,Northern Kentucky,Horz,Tennessee,A,"L, 95-56",99.4,118,69.6,80.5,44,21.6,24.4,22.4,136.5,61.5,17.2,51.6,29.2,12.2,-15,
343,343,11/8/25,N,Houston,B12,Towson,H,"W, 65-48",99.4,76.6,65,100,48.4,18.5,31.6,11.3,73.9,41.8,27.7,28.1,28.6,95.2,8,
344,344,11/3/25,N,Bryant,AE,Siena,A,"L, 82-66",99.3,119.5,66.6,99.1,51.8,30,43.8,21.4,123.1,50,10.5,47.4,29.9,10.7,-10,
345,345,11/3/25,N,Coppin St.,MEAC,Maryland,N,"L, 83-61",99.3,114.3,68.2,89.4,50,29.3,25.8,32.7,121.6,54.5,17.6,34.4,45.5,16.5,-11,
346,346,11/3/25,N,Mercer,SC,Tennessee,A,"L, 76-61",99.3,98.8,70,87.1,34.3,7.1,25.5,31.3,108.5,54.9,27.1,45.7,24.6,51.4,-10,
347,347,11/4/25,N,North Carolina A&T,CAA,South Carolina,A,"L, 91-72",99.3,116.3,75.7,95.1,46.7,15.8,18.9,36.7,120.2,60.3,17.2,29.4,33.3,14,-12,
348,348,11/3/25,N,Nebraska Omaha,Sum,Murray St.,N,"L, 85-77",99.2,106,79.1,97.3,50,21.5,27.8,28.1,107.4,46.6,17.7,28.6,55.9,32,-5,
349,349,11/3/25,N,Boston College,ACC,Florida Atlantic,A,"L, 83-78",99.1,103.2,71.2,97.3,49.3,17.5,32.6,35.8,103.6,52.2,15,19.1,37.3,38.8,-2,
350,350,11/3/25,N,Northwestern St.,Slnd,Texas A&M,A,"L, 98-68",99.1,114.8,75.5,90.1,45.7,21.2,27,36.2,129.9,57,15.9,43.6,32.4,15.6,-16,
351,351,11/4/25,N,Oklahoma St.,B12,Oral Roberts,H,"W, 95-71",99,95.2,85.3,111.3,50,17.6,36.6,41.7,83.2,40.6,18.7,22.9,31.9,61.1,7,
352,352,11/8/25,N,New Mexico,MWC,UT Arlington,H,"W, 74-56",99,81.5,72.1,102.6,45.6,16.6,27.3,47.4,77.7,38.2,31.9,40,47.1,90.3,10,
353,353,11/8/25,N,Milwaukee,Horz,Wofford,A,"L, 86-76",98.9,123.1,74.1,102.5,48.4,9.4,17.9,30.2,116,48.4,17.5,38.9,47.6,7.5,-12,
354,354,11/3/25,N,Oregon St.,WCC,North Dakota St.,H,"W, 67-65",98.8,104.1,65.8,101.8,53.3,18.2,16.7,57.8,98.8,43.9,10.6,28.2,16.7,35.4,1,
355,355,11/6/25,N,Xavier,BE,Le Moyne,H,"W, 74-69",98.7,104.5,68.7,107.8,53.4,16,26.3,27.1,100.5,60.8,26.2,19.2,23.5,34.1,4,
356,356,11/6/25,N,Merrimack,MAAC,Auburn,A,"L, 95-57",98.7,120.4,67.5,84.5,35.7,16.3,22.7,42.9,140.8,54.8,11.9,60,59.7,9.3,-14,
357,357,11/8/25,N,San Francisco,WCC,Memphis,A,"L, 76-70",98.6,99.3,74.1,94.5,49.1,20.2,27.3,45.5,102.5,47,18.9,40.5,39.4,48,-9,
358,358,11/8/25,N,Cal St. Fullerton,BW,Wyoming,A,"L, 92-82",98.4,108.8,84,97.6,46.4,20.2,18.4,78.2,109.5,53.8,13.1,25,56.9,23.8,-,
359,359,11/6/25,N,Quinnipiac,MAAC,Central Connecticut,H,"W, 71-49",98.1,83,69,102.9,46.5,7.2,26.3,9.9,71,30.8,13,27.9,21.5,87.2,9,
360,360,11/3/25,N,Howard,MEAC,Missouri,H,"L, 88-67",98,111,71.8,93.3,45.2,18.1,24.4,25.8,122.6,63.9,22.3,47.1,34.4,19.2,-13,
361,361,11/5/25,N,Tarleton St.,WAC,LSU,A,"L, 96-60",97.9,124.4,68.2,88,37.9,13.2,27.3,29,140.8,78.7,22,43.8,61.7,5.9,-14,
362,362,11/6/25,N,SMU,ACC,Texas A&M Corpus Chr,H,"W, 69-58",97.9,93.9,68.9,100.1,39,13.1,31,47.5,84.1,34.8,16,30.8,27.3,62,2,
363,363,11/3/25,N,Marshall,SB,Massachusetts,A,"W, 78-72",97.7,89.1,81.6,95.6,57.1,31.9,35.7,33.9,88.3,46.4,24.5,25,65.5,74.2,5,
364,364,11/7/25,N,Gardner Webb,BSth,Clemson,A,"L, 97-59",97.6,126.4,69.9,84.4,44.7,22.9,17.6,55.3,138.7,54.5,4.3,46.3,26,4.8,-18,
365,365,11/6/25,N,Illinois St.,MVC,Ohio,A,"L, 72-68",97.6,99.5,70,97.1,50,15.7,23.1,17.7,102.8,51.8,11.4,15.6,49.1,44.6,-2,
366,366,11/3/25,N,Purdue Fort Wayne,Horz,Grand Canyon,A,"L, 90-71",97.6,114.8,75.1,94.5,48.4,17.3,15.8,15.6,119.8,65.8,20,25,35.1,13.4,-15,
367,367,11/3/25,N,Appalachian St.,SB,Central Michigan,A,"L, 82-66",97.4,132.8,64.9,101.7,44.1,13.9,36.2,49.2,126.3,58.6,18.5,44.8,29.3,2.8,-12,
368,368,11/4/25,N,West Virginia,B12,Mount St. Mary's,H,"W, 70-54",97.4,88.6,67.3,104,49,13.4,16.7,72.9,80.2,44.6,29.7,25.8,41.3,74.8,5,
369,369,11/7/25,N,Northeastern,CAA,Colgate,A,"W, 68-65",97.4,99.5,67.2,101.1,42.4,10.4,27.5,42.4,96.7,44.1,16.4,29.4,27.1,43.9,-1,
370,370,11/7/25,N,Siena,MAAC,Brown,A,"W, 62-46",97.4,72.3,66.6,93.1,41.2,21,38.5,38.6,69.1,32.8,24,28.6,17.2,96.9,10,
371,371,11/3/25,N,Delaware,CUSA,Bucknell,A,"L, 78-70",97.3,115.6,71.1,98.5,46.1,16.9,28.6,28.1,109.7,53.2,18.3,35.3,22.6,12.1,-6,
372,372,11/8/25,N,Niagara,MAAC,Binghamton,A,"W, 67-59",97.3,102.2,63.8,105,46.6,12.5,28.2,28.8,92.5,40.2,14.1,29.7,35.7,36.1,0,
373,373,11/3/25,N,Lehigh,Pat,Houston,A,"L, 75-57",97.1,99.9,68.2,83.6,41.2,22,24.3,45.1,110,48.4,19.1,41.7,32.8,41.9,-14,
374,374,11/3/25,N,Marist,MAAC,Xavier,A,"L, 66-62",97.1,95.2,67.5,91.8,51.1,26.7,24,56.8,97.7,40.6,16.3,30.8,60.4,55.7,-4,
375,375,11/3/25,N,Charleston Southern,BSth,Virginia Tech,A,"L, 98-67",97,109.6,78,85.9,40.1,19.2,29.4,21.1,125.7,52,9,40.9,35.5,19.6,-8,
376,376,11/8/25,N,Norfolk St.,MEAC,William & Mary,H,"L, 81-78",97,105.6,77.1,101.4,52.6,24.7,32.6,53.4,105.3,53.8,22.1,30.3,64.2,27.4,-,
377,377,11/7/25,N,Navy,Pat,Yale,H,"L, 97-68",97,119.3,75.6,89.9,47,25.1,19.4,56,128.3,59.1,13.2,34.3,34.8,8.5,-9,
378,378,11/3/25,N,Northeastern,CAA,Boston University,H,"L, 76-75",96.9,105.6,66.2,100.8,47.5,17.5,29.7,43.3,102.1,50,21.5,31.4,33.3,27.3,2,
379,379,11/3/25,N,Bradley,MVC,St. Bonaventure,N,"L, 69-63",96.8,104.5,66.1,95.3,48.2,13.6,14.7,23.2,104.3,46.7,19.7,38.5,28.3,29.3,-4,
380,380,11/3/25,N,Green Bay,Horz,Kansas,A,"L, 94-51",96.7,126,64.5,79.1,35.7,12.4,16.7,32.1,145.8,65.5,4.7,32.1,41.4,4.5,-18,
381,381,11/7/25,N,Washington St.,WCC,Davidson,A,"L, 85-69",96.7,123.2,70,98.6,45.5,22.9,33.3,41.8,121.5,69.4,21.4,18.2,42.9,5.8,-15,
382,382,11/7/25,N,Oregon,B10,Rice,H,"W, 67-63",96.6,95.5,66.6,100.5,39.4,18,42.1,73.1,94.5,44.4,21,34.1,17.7,53.3,0,
383,383,11/8/25,N,Princeton,Ivy,Akron,A,"L, 104-69",96.5,121.1,77.2,89.3,43.1,19.4,25.5,30.8,134.7,61.3,9.1,30.6,29.6,6.8,-15,
384,384,11/7/25,N,Troy,SB,Furman,A,"W, 64-61",96.4,84.7,68.4,93.5,49.1,20.5,23.5,23.2,89.1,47.3,24.8,28.6,21.4,81.6,7,
385,385,11/3/25,N,Rider,MAAC,Virginia,A,"L, 87-53",96.3,114.6,64,82.9,35.7,21.9,32.5,59.2,136,53.1,9.4,53.7,53.1,11.9,-11,
386,386,11/6/25,N,Bethune Cookman,SWAC,Miami FL,A,"L, 101-61",96.2,119.9,72.2,84.4,36.4,16.6,30.6,28.8,139.8,65.2,8.3,33.3,33.3,7.3,-14,
387,387,11/7/25,N,Georgia Tech,ACC,Bryant,H,"W, 74-45",96.2,67.5,74.2,99.8,54,17.5,20,15.9,60.7,28.3,21.6,20,26.7,98.3,15,
388,388,11/3/25,N,Merrimack,MAAC,South Dakota St.,N,"L, 75-66",96.2,104.1,70.1,94.2,39.3,15.7,23.1,48.2,107,48.2,20,38.9,45.6,28.8,-2,
389,389,11/4/25,N,UNLV,MWC,Tennessee Martin,H,"L, 86-81",96.2,115.1,80.2,101,53,27.4,31.2,74,107.2,53.6,17.5,27.5,87.3,11.3,1,
390,390,11/3/25,N,Eastern Michigan,MAC,Georgia St.,H,"W, 71-49",96.1,82.6,68.5,103.7,44.5,19,46.8,15.1,71.6,35.3,24.8,29.5,20.7,85,7,
391,391,11/5/25,N,New Mexico,MWC,East Texas A&M,H,"W, 76-54",95.9,76.5,77.1,98.6,49.2,19.5,30,36.5,70.1,37.9,27.2,26.2,17.7,93.1,15,
392,392,11/3/25,N,Detroit Mercy,Horz,Illinois Chicago,A,"L, 91-71",95.8,109.7,79.3,89.5,36.4,18.9,38.9,26,114.8,54.5,20.2,32.4,64.3,17.4,-4,
393,393,11/7/25,N,Georgia St.,SB,Cincinnati,A,"L, 74-64",95.8,92.2,75.5,84.8,42.1,22.5,23.5,31.6,98.1,46,21.2,34.1,41.9,61,-6,
394,394,11/7/25,N,Wake Forest,ACC,Morehead St.,H,"W, 81-65",95.7,89.1,79.7,101.7,45,23.9,50,42.9,81.6,40.5,23.9,26.8,27,69.5,8,
395,395,11/3/25,N,Bellarmine,ASun,Georgia,A,"L, 104-59",95.6,116,76.4,77.2,47.4,28.8,17.1,10.5,136.1,60.7,7.9,28.1,30,9.8,-13,
396,396,11/4/25,N,San Diego St.,MWC,Long Beach St.,H,"W, 77-45",95.6,76.5,71.2,108.1,52.5,21.1,34.3,31.7,63.2,36.4,29.5,31.6,8.5,92.8,9,
397,397,11/3/25,N,Towson,CAA,Loyola MD,N,"W, 67-56",95.5,93.3,65.2,102.7,46.5,15.3,34.3,31.6,85.9,38,16.9,17.6,50,56.8,3,
398,398,11/7/25,N,Colgate,Pat,Northeastern,H,"L, 68-65",95.5,104.3,67.2,96.7,44.1,16.4,29.4,27.1,101.1,42.4,10.4,27.5,42.4,26.5,1,
399,399,11/6/25,N,North Florida,ASun,Florida,A,"L, 104-64",95.4,110.7,79.9,80.1,36.9,20,16.7,36.1,130.2,53.1,17.5,63,34.6,15.3,-17,
400,400,11/3/25,N,Southeast Missouri S,OVC,Saint Louis,A,"L, 92-67",95.4,107,77.2,86.8,39.5,11.7,14.9,41.9,119.2,56,19.4,38.9,31.3,21.2,-8,
401,401,11/7/25,N,Longwood,BSth,Pittsburgh,A,"L, 78-60",95.3,100.1,70.1,85.5,34.8,10,24.5,20.3,111.2,54,20,32.4,70,36,-4,
402,402,11/4/25,N,UNC Greensboro,SC,Kansas St.,A,"L, 93-64",95.1,102.4,80,80,42.6,22.5,24.4,32.8,116.3,61.2,20,34.4,29.9,29.9,-2,
403,403,11/6/25,N,Portland,WCC,Arkansas Pine Bluff,H,"W, 83-74",95,97.7,82.5,100.6,49.2,23,22.9,54.2,89.7,43.9,23,23.7,47.4,42.1,10,
404,404,11/8/25,N,Monmouth,CAA,La Salle,A,"L, 73-60",95,106.7,66.2,90.7,47.1,24.2,32.4,32.7,110.3,41.9,18.1,45.5,45.2,20.9,-3,
405,405,11/4/25,N,Evansville,MVC,Purdue,A,"L, 82-51",94.8,109.3,61.8,82.6,35,16.2,41.7,5.7,132.8,58.5,11.3,37.5,27.1,16.3,-13,
406,406,11/6/25,N,South Alabama,SB,Alcorn St.,H,"W, 76-70",94.7,109.1,72,105.5,56.6,20.8,28.6,50.9,97.2,55.5,25,23.3,20,16.4,-3,
407,407,11/5/25,N,Eastern Washington,BSky,Loyola Marymount,A,"L, 70-62",94.6,94.3,70.4,88,43.3,18.5,18.2,48.1,99.4,50.9,18.5,26.5,37.5,50.9,-1,
408,408,11/3/25,N,New Haven,NEC,Connecticut,A,"L, 79-55",94.6,100.8,66.6,82.6,47.1,16.5,11.8,26.9,118.7,55.4,18,32.3,35.7,32.6,-11,
409,409,11/3/25,N,North Dakota,Sum,Alabama,A,"L, 91-62",94.6,106.4,74,83.8,42.7,13.5,16.7,27.4,123.1,60.3,20.3,36.7,46.6,20.4,-15,
410,410,11/7/25,N,Cincinnati,B12,Georgia St.,H,"W, 74-64",94.5,92.8,75.5,98.1,46,21.2,34.1,41.9,84.8,42.1,22.5,23.5,31.6,55.3,6,
411,411,11/3/25,N,Northwestern,B10,Mercyhurst,H,"W, 70-47",94.4,78.6,67.6,103.5,41.3,17.7,39.5,73.1,69.5,30.8,16.3,20.9,21.7,89.2,10,
412,412,11/3/25,N,Marquette,BE,Albany,H,"W, 80-53",94.3,79.2,76.6,104.5,45.7,18.3,38.5,67.2,69.2,32.1,30,38.8,20.9,88.1,9,
413,413,11/3/25,N,George Washington,A10,Maine,H,"W, 67-47",94.3,82.5,66.9,100.2,47.5,23.9,47.1,28.8,70.3,36.3,22.4,14.3,23.5,82.3,6,
414,414,11/3/25,N,Florida A&M,SWAC,South Florida,A,"L, 102-67",94.2,110.8,80.2,83.6,41.5,26.2,27.5,44.1,127.2,54.8,18.7,48.6,64.5,13.4,-10,
415,415,11/4/25,N,Southern Utah,WAC,Arizona St.,A,"L, 81-64",94.1,105.1,72.7,88.1,40,22,36.4,11.4,111.5,56.8,19.3,31.4,33.9,21.9,-10,
416,416,11/8/25,N,FIU,CUSA,Nebraska,A,"L, 96-66",94,112.5,76.8,85.9,43.7,26,38.6,8.5,125,67.9,19.5,28.1,11.9,11.3,-17,
417,417,11/3/25,N,Utah Tech,WAC,South Dakota,A,"W, 81-79",94,96.8,73.2,98.3,50,18.2,27.9,17.8,95.9,39.4,17,31.8,53,41.6,2,
418,418,11/7/25,N,Boston University,Pat,Northwestern,A,"L, 76-52",93.9,120.8,60.2,86.3,40.5,23.2,37.5,12.1,126.1,57.5,8.3,33.3,21.7,5.2,-16,
419,419,11/4/25,N,Valparaiso,MVC,Eastern Illinois,H,"W, 66-63",93.8,96.6,70.2,94.1,40.9,20,34,63.6,89.8,41.3,28.5,31.2,67.4,41.4,5,
420,420,11/7/25,N,Mount St. Mary's,MAAC,Bucknell,H,"L, 73-62",93.6,118.1,65.4,94.8,43.1,22.9,33.3,49,111.6,50,6.1,23.1,39.7,6.5,-4,
421,421,11/4/25,N,Oral Roberts,Sum,Oklahoma St.,A,"L, 95-71",93.5,97.5,85.3,83.2,40.6,18.7,22.9,31.9,111.3,50,17.6,36.6,41.7,38,-7,
422,422,11/4/25,N,UNC Asheville,BSth,Wichita St.,A,"L, 75-58",93.5,103.6,67.7,85.7,44.6,23.7,30.6,23.2,110.9,48.5,20.7,51.2,22.1,23.5,-3,
423,423,11/6/25,N,Texas A&M Corpus Chr,Slnd,SMU,A,"L, 69-58",93.4,89,68.9,84.1,34.8,16,30.8,27.3,100.1,39,13.1,31,47.5,63.6,-2,
424,424,11/6/25,N,North Dakota,Sum,UC Riverside,H,"L, 74-70",93.4,113.4,70.6,99.1,49.2,14.2,24.4,40.7,104.8,60.5,26.9,17.4,62.8,9.6,-5,
425,425,11/3/25,N,Coastal Carolina,SB,Western Michigan,A,"L, 76-71",93.3,99.6,75.6,94,48.4,17.2,22,32.8,100.6,48,19.9,16.1,70,31.9,1,
426,426,11/7/25,N,Louisiana Monroe,SB,Mississippi,A,"L, 86-65",93.3,107.1,74.1,87.7,46.6,20.2,20,28.8,116,58.3,17.5,28.9,19.7,17,-15,
427,427,11/7/25,N,Tennessee Tech,OVC,Charlotte,A,"L, 70-65",92.8,109,65.7,99,56.4,25.9,32.3,53.2,106.6,59.6,28.9,37,42.6,13.5,-10,
428,428,11/7/25,N,Eastern Illinois,OVC,Nicholls St.,H,"W, 65-57",92.5,89.9,69.8,93.1,41.3,22.9,32.4,55.8,81.7,32.8,15.8,32.6,44.3,58.1,5,
429,429,11/5/25,N,USC Upstate,BSth,Fresno St.,A,"W, 67-66",92.5,96,70.8,94.7,56,31.1,30,34,93.3,41.1,17,32.6,35.5,39.6,-4,
430,430,11/3/25,N,Western Michigan,MAC,Coastal Carolina,H,"W, 76-71",92.4,98.5,75.6,100.6,48,19.9,16.1,70,94,48.4,17.2,22,32.8,32.6,-1,
431,431,11/3/25,N,West Georgia,ASun,Nebraska,A,"L, 86-53",92.4,101.4,70.5,75.2,32.3,17,26.1,20,121.9,54.7,12.8,37.5,39.1,25.5,-4,
432,432,11/6/25,N,Saint Francis,NEC,TCU,A,"L, 104-63",92.3,121.3,77.6,81.2,46,20.6,13.2,9.5,134.1,61.5,19.3,46.9,43.1,4.1,-17,
433,433,11/7/25,N,VMI,SC,Southern Indiana,A,"W, 78-74",92.3,99.2,78.3,99.7,44.4,12.8,27.7,31,94.6,41.2,14.1,30,23,30.5,-3,
434,434,11/7/25,N,Southern Indiana,OVC,VMI,H,"L, 78-74",92.2,103.8,78.3,94.6,41.2,14.1,30,23,99.7,44.4,12.8,27.7,31,20.4,3,
435,435,11/3/25,N,Tennessee Tech,OVC,Western Kentucky,A,"L, 82-70",92,107.2,76.2,91.9,52.5,24.9,25.6,19.7,107.7,43.5,14.4,33.3,56.5,14.6,-9,
436,436,11/7/25,N,DePaul,BE,Stonehill,H,"W, 72-64",91.9,89,75.9,94.9,41.1,9.2,20,56.5,84.3,48.2,21.1,16.2,26.3,58.9,8,
437,437,11/5/25,N,Loyola Marymount,WCC,Eastern Washington,H,"W, 70-62",91.8,90.6,70.4,99.4,50.9,18.5,26.5,37.5,88,43.3,18.5,18.2,48.1,53.6,1,
438,438,11/7/25,N,Valparaiso,MVC,Kentucky,A,"L, 107-59",91.7,125.4,74.9,78.7,34.3,13.3,23.5,29.9,142.8,62.5,8,33.3,38.2,2.6,-26,
439,439,11/3/25,N,Chicago St.,NEC,DePaul,A,"L, 92-62",91.6,117.4,72.8,85.2,41.1,22,28.9,41.1,126.4,56.7,17.9,41,58.3,5.5,-17,
440,440,11/8/25,N,Florida A&M,SWAC,Kennesaw St.,H,"L, 92-72",91.6,111.3,80.5,89.5,35.8,14.9,30.2,49.3,114.3,64.3,17.4,14.8,50,9.7,-8,
441,441,11/7/25,N,Arkansas St.,SB,Stephen F. Austin,A,"L, 90-65",91.5,124.5,73.8,88,36.1,19,25,61.1,121.9,57.1,19,48.7,27.1,2.8,-15,
442,442,11/7/25,N,Hofstra,CAA,Iona,A,"L, 81-73",91.4,111.9,74.7,97.7,50,20.1,36.8,28.6,108.5,52.5,20.1,30.6,45,8.9,-15,
443,443,11/3/25,N,South Dakota,Sum,Utah Tech,H,"L, 81-79",91.1,104.3,73.2,95.9,39.4,17,31.8,53,98.3,50,18.2,27.9,17.8,17.4,-2,
444,444,11/3/25,N,Cal Poly,BW,USC,A,"L, 94-64",90.9,97.1,82.8,77.2,39.6,26.6,35.4,16.7,113.5,53.2,16.9,36.1,63.5,32,-9,
445,445,11/4/25,N,Mount St. Mary's,MAAC,West Virginia,A,"L, 70-54",90.9,95.2,67.3,80.2,44.6,29.7,25.8,41.3,104,49,13.4,16.7,72.9,36.9,-5,
446,446,11/4/25,N,Lindenwood,OVC,Texas Tech,A,"L, 98-60",90.7,108.6,76.6,78.3,35.2,18.3,23.4,42.6,127.9,50.6,9.1,41.8,28,11.3,-14,
447,447,11/8/25,N,Fairfield,MAAC,NJIT,A,"W, 74-53",90.6,81.9,75,98.6,43.9,21.3,39.1,36.4,70.6,37.5,21.3,16.3,20,76.3,5,
448,448,11/4/25,N,Fordham,A10,NJIT,H,"L, 72-61",90.5,122,64.7,94.3,37.3,12.4,40.4,26.9,111.3,57.6,17,25.7,13.6,3.1,-4,
449,449,11/3/25,N,Saint Peter's,MAAC,Seton Hall,A,"L, 77-50",90.5,119.7,60.3,83,33.3,24.9,38.5,43.1,127.7,52.2,13.3,39.3,80,3.8,-11,
450,450,11/5/25,N,Rider,MAAC,Rutgers,A,"L, 81-53",90.4,112.6,66.6,79.6,29.2,21,43.8,27.7,121.6,46.9,10.5,44.4,51.6,7.4,-9,
451,451,11/7/25,N,Alabama St.,SWAC,Florida St.,A,"L, 101-64",90.3,117.8,78.3,81.7,40.8,21.7,28.9,29.2,128.9,59.5,19.1,43.6,18.9,4.5,-16,
452,452,11/3/25,N,Loyola MD,Pat,Towson,N,"L, 67-56",90.2,100.7,65.2,85.9,38,16.9,17.6,50,102.7,46.5,15.3,34.3,31.6,22.1,-3,
453,453,11/3/25,N,Lipscomb,ASun,Vanderbilt,A,"L, 105-61",89.9,119,74.8,81.6,35.7,24.1,23.7,39.3,140.4,68.4,8,24.2,25,3.8,-24,
454,454,11/8/25,N,Binghamton,AE,Niagara,H,"L, 67-59",89.9,112.9,63.8,92.5,40.2,14.1,29.7,35.7,105,46.6,12.5,28.2,28.8,6.8,0,
455,455,11/8/25,N,Towson,CAA,Houston,A,"L, 65-48",89.9,87.8,65,73.9,41.8,27.7,28.1,28.6,100,48.4,18.5,31.6,11.3,56.7,-8,
456,456,11/3/25,N,Cal St. Bakersfield,BW,California,A,"L, 87-60",89.4,109.2,73.1,82.1,38.7,23.3,30.6,56.6,119.1,58.5,19.2,40,42.4,9.2,-11,
457,457,11/7/25,N,Mississippi Valley S,SWAC,Murray St.,A,"L, 108-60",89.2,127.2,77.4,77.5,35,29.7,35.7,35,139.5,57.6,6.5,41.3,31.6,1.6,-14,
458,458,11/3/25,N,Niagara,MAAC,Duquesne,A,"L, 83-63",89.2,113.4,71,88.7,43.8,22.5,19.4,56.2,116.9,66.4,23.9,26.9,23.6,6,-16,
459,459,11/3/25,N,Western Carolina,SC,Cincinnati,A,"L, 94-63",89.2,110.4,80,78.8,43,27.5,32.6,21.9,117.6,62.7,18.8,23.3,50.8,7.9,-19,
460,460,11/6/25,N,Loyola Chicago,A10,Mercyhurst,H,"L, 73-65",88.9,119.6,67.5,96.4,45.3,20.8,27,43.4,108.2,52.8,17.8,31,38.9,3.2,-7,
461,461,11/3/25,N,Stetson,ASun,Rhode Island,A,"L, 93-62",88.8,121.4,73.9,83.9,45.5,27.1,27.5,40,125.8,58.7,18.9,48.4,38.1,2.7,-13,
462,462,11/5/25,N,Fresno St.,MWC,USC Upstate,H,"L, 67-66",88.6,101.3,70.8,93.3,41.1,17,32.6,35.5,94.7,56,31.1,30,34,17.8,4,
463,463,11/7/25,N,Morehead St.,OVC,Wake Forest,A,"L, 81-65",88.1,94.7,79.7,81.6,40.5,23.9,26.8,27,101.7,45,23.9,50,42.9,30.4,-8,
464,464,11/7/25,N,Maryland,B10,Georgetown,H,"L, 70-60",88,98.9,69.2,86.8,28.8,18.8,28.6,71.2,101.2,44.3,15.9,28.2,58.5,20.5,-10,
465,465,11/3/25,N,Massachusetts,MAC,Marshall,H,"L, 78-72",87.8,99.6,81.6,88.3,46.4,24.5,25,65.5,95.6,57.1,31.9,35.7,33.9,19,-5,
466,466,11/7/25,N,Stonehill,NEC,DePaul,A,"L, 72-64",87.7,90.6,75.9,84.3,48.2,21.1,16.2,26.3,94.9,41.1,9.2,20,56.5,40.8,-8,
467,467,11/7/25,N,Furman,SC,Troy,H,"L, 64-61",87.6,97.8,68.4,89.1,47.3,24.8,28.6,21.4,93.5,49.1,20.5,23.5,23.2,22.1,-7,
468,468,11/4/25,N,Louisiana Tech,CUSA,Nevada,A,"L, 77-50",87.5,119.8,62.7,79.8,39,20.7,22.2,34,122.8,50,16,48.6,50,2.6,-13,
469,469,11/3/25,N,Jackson St.,SWAC,Illinois,A,"L, 113-55",87.4,124.3,75.5,72.8,36.3,14.6,9.1,22.6,149.6,66.4,15.9,58.3,32.9,1.7,-28,
470,470,11/3/25,N,TCU,B12,New Orleans,H,"L, 78-74",86.8,112.6,75.2,98.4,41,13.3,30.8,38.8,103.7,55.3,25.3,42.9,33.3,4.8,-12,
471,471,11/6/25,N,Cal St. Northridge,BW,Northern Iowa,A,"L, 86-57",86.7,112.2,71.8,79.3,38.5,27.8,28.9,44.2,119.7,61.9,13.9,18.2,15.9,4.9,-13,
472,472,11/4/25,N,Nicholls St.,Slnd,Kentucky,A,"L, 77-51",86.7,95,70,72.9,34,15.7,12.2,41.5,110.1,52.4,18.6,37.5,35.5,25.8,-11,
473,473,11/7/25,N,UTSA,Amer,SIU Edwardsville,H,"L, 77-60",86.6,107.3,72.7,82.6,33.1,12.4,31.5,29.6,106,53.4,19.3,33.3,44.8,7.8,-3,
474,474,11/8/25,N,Western Carolina,SC,Duke,A,"L, 95-54",86.3,105.2,76.5,70.6,33.3,18.3,28.3,15.3,124.3,54.7,13.1,32.5,51.6,9.3,-19,
475,475,11/4/25,N,Eastern Illinois,OVC,Valparaiso,A,"L, 66-63",86.1,100.4,70.2,89.8,41.3,28.5,31.2,67.4,94.1,40.9,20,34,63.6,14.6,-5,
476,476,11/8/25,N,UT Arlington,WAC,New Mexico,A,"L, 74-56",86.1,100.2,72.1,77.7,38.2,31.9,40,47.1,102.6,45.6,16.6,27.3,47.4,14.9,-10,
477,477,11/3/25,N,Canisius,MAAC,Dayton,A,"L, 88-48",85.9,127.7,63.4,75.8,43,30,33.3,22,138.9,58.8,6.3,35.5,80.4,1,-18,
478,478,11/4/25,N,Hawaii,BW,Oregon,A,"L, 60-59",85.8,74.5,75.7,78,36.2,23.8,33.3,29.2,79.3,37.9,27.7,39.5,44.8,83.5,-3,
479,479,11/7/25,N,UC Irvine,BW,Cal Baptist,H,"L, 69-61",85.6,96.7,71.5,85.3,38.7,14,23.4,37.1,96.5,44.7,23.8,47.5,22.7,19.8,-3,
480,480,11/3/25,N,Fairleigh Dickinson,NEC,Iowa St.,A,"L, 88-50",84.8,110.7,70.7,70.7,38.5,25.5,20,32.7,124.5,61.2,12.7,26.5,13.4,4.5,-19,
481,481,11/6/25,N,Arkansas Pine Bluff,SWAC,Portland,A,"L, 83-74",84.7,105.1,82.5,89.7,43.9,23,23.7,47.4,100.6,49.2,23,22.9,54.2,7.8,-10,
482,482,11/3/25,N,Gardner Webb,BSth,Minnesota,A,"L, 87-60",84.1,117.2,72,83.3,38.6,19.4,25,47.4,120.8,60.9,19.4,37.5,54.5,2.1,-24,
483,483,11/5/25,N,Southern Indiana,OVC,Butler,A,"L, 88-58",83.7,109.4,74.9,77.4,35.4,16,20.4,26.2,117.5,52.3,17.4,40.5,44.6,4.4,-16,
484,484,11/7/25,N,Southeastern Louisia,Slnd,Louisiana,A,"L, 58-52",83.4,104.3,58.2,89.3,37.8,18.9,30.8,68.9,99.6,58,20.6,16,27.3,7.1,-9,
485,485,11/3/25,N,Maryland Eastern Sho,MEAC,Georgia Tech,A,"L, 56-52",83.2,76.7,62.1,74.4,41.1,27.2,26.3,19.6,80.1,39.2,18.6,27.9,30,71.9,0,
486,486,11/3/25,N,Presbyterian,BSth,Navy,H,"L, 76-55",82.9,120,64.4,85.4,41.8,23.3,29.4,44.9,118,54.5,12.4,32.3,43.6,1.4,-12,
487,487,11/8/25,N,New Haven,NEC,Penn St.,H,"L, 87-43",82.9,128.8,62.2,69.1,42.2,30.5,20,17.8,139.9,61.5,9.6,40,26.2,0.6,-12,
488,488,11/4/25,N,Oregon,B10,Hawaii,H,"W, 60-59",82.4,75.9,75.7,79.3,37.9,27.7,39.5,44.8,78,36.2,23.8,33.3,29.2,71.9,3,
489,489,11/7/25,N,Nicholls St.,Slnd,Eastern Illinois,A,"L, 65-57",82.1,99.5,69.8,81.7,32.8,15.8,32.6,44.3,93.1,41.3,22.9,32.4,55.8,9.9,-5,
490,490,11/3/25,N,Central Arkansas,ASun,North Carolina,A,"L, 94-54",82,108.9,75.4,71.7,37.5,22.6,23.3,14.1,124.7,58.5,15.9,37.5,33.8,3.7,-21,
491,491,11/5/25,N,Alabama A&M,SWAC,Indiana,A,"L, 98-51",81.3,123.2,70.3,72.5,38.7,15.6,7.7,35.8,139.4,70.7,15.6,27.3,27.6,0.8,-25,
492,492,11/3/25,N,Albany,AE,Marquette,A,"L, 80-53",80.5,93.9,76.6,69.2,32.1,30,38.8,20.9,104.5,45.7,18.3,38.5,67.2,14.6,-9,
493,493,11/3/25,N,Wofford,SC,George Mason,A,"L, 70-46",80.3,99.5,65.1,70.7,36,24.6,25.6,32,107.5,52.7,18.4,26.7,29.1,7.8,-7,
494,494,11/3/25,N,Texas Southern,SWAC,Gonzaga,A,"L, 98-43",80.2,107.5,72.5,59.3,28,23.4,24.5,28.8,135.1,58.7,17.9,55.9,30.4,3.4,-12,
495,495,11/6/25,N,The Citadel,SC,Boston College,A,"L, 76-47",80.1,104.2,65.9,71.3,34.9,18.2,19.5,37.7,115.3,47.6,6.1,33.3,45.2,4.6,-9,
496,496,11/5/25,N,Coppin St.,MEAC,La Salle,A,"L, 87-59",79.4,119.7,73.6,80.2,38.6,21.7,17.5,31.6,118.2,56.6,19,34.4,66,0.9,-20,
497,497,11/3/25,N,Mercyhurst,NEC,Northwestern,A,"L, 70-47",78.9,96.3,67.6,69.5,30.8,16.3,20.9,21.7,103.5,41.3,17.7,39.5,73.1,9.2,-10,
498,498,11/3/25,N,Arkansas Pine Bluff,SWAC,Washington,A,"L, 94-50",78.8,108.5,73.2,68.3,31.3,21.9,30.8,17.9,128.4,57.4,19.1,51.5,54.1,2.5,-16,
499,499,11/3/25,N,Maine,AE,George Washington,A,"L, 67-47",78.7,87.8,66.9,70.3,36.3,22.4,14.3,23.5,100.2,47.5,23.9,47.1,28.8,22.1,-6,
500,500,11/8/25,N,Alcorn St.,SWAC,Minnesota,A,"L, 95-50",78.5,125.4,69.8,71.6,36.6,22.9,24.4,26.8,136,52.5,17.2,57.6,61.7,0.5,-24,
501,501,11/4/25,N,Long Beach St.,BW,San Diego St.,A,"L, 77-45",78.4,95.8,71.2,63.2,36.4,29.5,31.6,8.5,108.1,52.5,21.1,34.3,31.7,9.1,-9,
502,502,11/3/25,N,Texas St.,SB,Bowling Green,A,"L, 83-48",77.8,109.9,70.5,68.1,41.7,25.5,14.3,13,117.8,62.1,17,25,27.6,1.9,-8,
503,503,11/3/25,N,Binghamton,AE,Syracuse,A,"L, 85-47",77,106.6,69,68.1,34.4,31.9,20.6,48.9,123.1,56.1,7.2,33.3,24.2,2.3,-16,
504,504,11/5/25,N,East Texas A&M,Slnd,New Mexico,A,"L, 76-54",76,97.8,77.1,70.1,37.9,27.2,26.2,17.7,98.6,49.2,19.5,30,36.5,5.2,-15,
505,505,11/6/25,N,Central Connecticut,NEC,Quinnipiac,A,"L, 71-49",75.1,102.8,69,71,30.8,13,27.9,21.5,102.9,46.5,7.2,26.3,9.9,2.6,-9,
506,506,11/8/25,N,Air Force,MWC,Austin Peay,H,"L, 74-54",74.6,106.4,71.6,75.4,44.2,30.7,37.5,46.2,103.4,54.8,23.7,27.8,55.8,1.6,-,
Link to these results,Link to these results,Link to these results,Link to these results,Link to these results,Link to these results,Link to these results,Link to these results,Link to these results,Link to these results,Link to these results,Link to these results,Link to these results,Link to these results,Link to these results,Link to these results,Link to these results,Link to these results,Link to these results,Link to these results,Link to these results,Link to these results,Link to these results,Link to these results,Link to these results
